WEEK_ENDING_DATE,COUNTRY_CODE,RELEASE_AGE,LABEL_NAME,STREAMING_TOTAL,ALBUM_EQUIVALENT,PRODUCT_SALES,SONG_SALE_EQUIVALENT,STREAMING_EQUIVALENT,ALBUM_EQUIVALENT_SHARE,PRODUCT_SALES_SHARE,SONG_SALE_EQUIVALENT_SHARE,STREAMING_EQUIVALENT_SHARE
2026-03-12,US,Overall,Interscope/Geffen/A&M,2462965869,2169888,165699,11893,1992296,9.14,7.75,6.72,9.1
2026-03-12,US,Catalog,Interscope/Geffen/A&M,2148553838,1853224,107407,10761.2,1735055.8,10.23,9.85,9.07,10.02
2026-03-12,US,Catalog,Atlantic Music Group,2042824161,1717802,59759,8681.5,1649361.5,9.48,5.48,7.32,9.53
2026-03-12,US,Current,Interscope/Geffen/A&M,314412031,316664,58292,1131.8,257240.2,5.64,5.56,1.94,5.59
2026-03-12,US,Current,Atlantic Music Group,532206572,514061,64403,3091.2,446566.8,9.15,6.14,5.29,9.46
2026-03-12,US,Overall,Atlantic Music Group,2575030733,2231863,124162,11772.7,2095928.3,9.4,5.81,6.65,9.52
2026-03-05,US,Overall,Interscope/Geffen/A&M,2477653639,2183748,164994,12650.2,2006103.8,9.22,8.24,6.77,9.14
2026-03-05,US,Current,Interscope/Geffen/A&M,331417509,335642,59514,1326.9,274801.1,6.05,6.43,2.11,5.87
2026-03-05,US,Catalog,Atlantic Music Group,2066929929,1736287,59485,8890.2,1667911.8,9.58,5.52,7.18,9.63
2026-03-05,US,Current,Atlantic Music Group,593715101,637087,125001,3943.5,508142.5,11.49,13.5,6.26,10.51
2026-03-05,US,Catalog,Interscope/Geffen/A&M,2146236130,1848106,105480,11323.3,1731302.7,10.19,9.79,9.15,10
2026-03-05,US,Overall,Atlantic Music Group,2660645030,2373374,184486,12833.7,2176054.3,10.02,9.21,6.87,9.81
2026-02-26,US,Overall,Interscope/Geffen/A&M,2484808662,2198101,167172,13557.4,2017371.6,9.61,8.82,7.21,9.47
2026-02-26,US,Overall,Atlantic Music Group,2456536833,2160654,148184,11662.4,2000807.6,9.45,7.82,6.2,9.36
2026-02-26,US,Current,Atlantic Music Group,494242272,514023,91546,2881.7,419595.3,9.82,10.66,4.59,9.21
2026-02-26,US,Catalog,Interscope/Geffen/A&M,2135009791,1841318,104580,11999.2,1724738.8,10.44,10.09,9.57,10.22
2026-02-26,US,Current,Interscope/Geffen/A&M,349798871,356783,62592,1558.2,292632.8,6.81,7.29,2.48,6.52
2026-02-26,US,Catalog,Atlantic Music Group,1962294561,1646631,56638,8780.7,1581212.3,9.34,5.46,7.01,9.4
2026-02-19,US,Overall,Interscope/Geffen/A&M,2545585545,2279215,194871,13227.1,2071116.9,9.76,8.94,6.83,9.53
2026-02-19,US,Catalog,Interscope/Geffen/A&M,2162721820,1883274,122056,11907.5,1749310.5,10.43,10.32,9.31,10.19
2026-02-19,US,Current,Interscope/Geffen/A&M,382863725,395941,72815,1319.6,321806.4,7.46,7.3,2,6.99
2026-02-19,US,Overall,Atlantic Music Group,2505552471,2172098,121866,12029.9,2038202.1,9.3,5.59,6.21,9.38
2026-02-19,US,Current,Atlantic Music Group,499322448,484062,57591,2875.5,423595.5,9.12,5.77,4.36,9.11
2026-02-19,US,Catalog,Atlantic Music Group,2006230023,1688036,64275,9154.4,1614606.6,9.35,5.43,7.16,9.45
2026-02-12,US,Current,Atlantic Music Group,490049131,445772,29265,2678.4,413828.6,7.61,2.5,3.72,8.6
2026-02-12,US,Catalog,Interscope/Geffen/A&M,2122816440,1827712,101908,11364.9,1714439.1,10.25,9.53,8.6,10.07
2026-02-12,US,Overall,Interscope/Geffen/A&M,2634087571,2447448,277562,13465.7,2156420.3,10.33,12.38,6.6,9.83
2026-02-12,US,Catalog,Atlantic Music Group,1992855687,1668708,57563,9724.9,1601420.1,9.36,5.38,7.36,9.45
2026-02-12,US,Overall,Atlantic Music Group,2482904818,2114480,86828,12403.3,2015248.7,8.93,3.87,6.08,9.27
2026-02-12,US,Current,Interscope/Geffen/A&M,511271131,619736,175654,2100.8,441981.2,10.57,14.98,2.92,8.97
2026-02-05,US,Current,Interscope/Geffen/A&M,330838550,340613,72438,1859.9,266315.1,6.55,9.78,2.63,6.07
2026-02-05,US,Overall,Interscope/Geffen/A&M,2452480728,2168187,172962,13793.3,1981431.7,9.48,9.72,6.84,9.29
2026-02-05,US,Catalog,Interscope/Geffen/A&M,2121642178,1827574,100524,11933.4,1715116.6,10.34,9.68,9.11,10.13
2026-02-05,US,Current,Atlantic Music Group,533117060,512309,55392,3836.3,453080.7,9.85,7.48,5.43,9.78
2026-02-05,US,Overall,Atlantic Music Group,2531904411,2185235,110544,13331.8,2061359.2,9.55,6.21,6.61,9.59
2026-02-05,US,Catalog,Atlantic Music Group,1998787351,1672926,55152,9495.5,1608278.5,9.47,5.31,7.25,9.55
2026-01-29,US,Current,Atlantic Music Group,363375688,319202,19489,2651.9,297061.1,6.86,2.86,4.31,7.41
2026-01-29,US,Current,Interscope/Geffen/A&M,293907876,308185,68798,1434.4,237952.6,6.63,10.11,2.33,6
2026-01-29,US,Catalog,Atlantic Music Group,1889232823,1571188,43729,8647.4,1518811.6,9.58,5.2,7.08,9.65
2026-01-29,US,Overall,Interscope/Geffen/A&M,2282709881,2004180,147691,12144.6,1844344.4,9.52,9.7,6.61,9.32
2026-01-29,US,Catalog,Interscope/Geffen/A&M,1988802005,1695995,78893,10710.2,1606391.8,10.34,9.37,8.77,10.16
2026-01-29,US,Overall,Atlantic Music Group,2252608511,1890390,63218,11299.3,1815872.7,8.98,4.15,6.15,9.2
2026-01-22,US,Overall,Interscope/Geffen/A&M,2377538307,2216613,292005,12442.5,1912165.5,9.81,14.48,6.83,9.19
2026-01-22,US,Current,Atlantic Music Group,391207552,349344,25681,2954.5,320708.5,6.74,2.77,4.97,7.41
2026-01-22,US,Current,Interscope/Geffen/A&M,309150871,428807,187295,1460.6,240051.4,8.27,20.17,2.46,5.85
2026-01-22,US,Catalog,Interscope/Geffen/A&M,2068387436,1787806,104710,10981.9,1672114.1,10.27,9.63,8.94,10.05
2026-01-22,US,Catalog,Atlantic Music Group,1999406674,1678047,57441,8875.1,1611730.9,9.64,5.28,7.23,9.72
2026-01-22,US,Overall,Atlantic Music Group,2390614226,2027391,83122,11829.6,1932439.4,8.97,4.12,6.49,9.25
2026-01-15,US,Overall,Atlantic Music Group,2413998105,2050815,87112,12395.5,1951307.5,9.13,4.91,6.75,9.28
2026-01-15,US,Current,Atlantic Music Group,404373021,362054,27221,3284.9,331548.1,7.3,4.03,5.55,7.6
2026-01-15,US,Catalog,Interscope/Geffen/A&M,2071440805,1789107,105538,11346.4,1672222.6,10.22,9.6,9.12,10.01
2026-01-15,US,Catalog,Atlantic Music Group,2009625084,1688761,59891,9110.6,1619759.4,9.65,5.45,7.33,9.71
2026-01-15,US,Overall,Interscope/Geffen/A&M,2393578578,2100089,160228,12752.7,1927108.3,9.35,9.02,6.95,9.2
2026-01-15,US,Current,Interscope/Geffen/A&M,322137773,310982,54690,1406.3,254885.7,6.27,8.09,2.38,6.05
2026-01-08,US,Current,Atlantic Music Group,380573574,348535,35378,2172.2,310984.8,7.41,4.97,4.05,7.6
2026-01-08,US,Current,Interscope/Geffen/A&M,328269376,325468,60676,1614.4,263177.6,6.92,8.53,3.01,6.56
2026-01-08,US,Overall,Atlantic Music Group,2264746606,1932646,98698,10772.3,1823175.7,8.92,5.17,6.14,9.08
2026-01-08,US,Overall,Interscope/Geffen/A&M,2330561752,2067121,175657,12824.1,1878639.9,9.54,9.21,7.31,9.34
2026-01-08,US,Catalog,Interscope/Geffen/A&M,2002292376,1741653,114981,11209.7,1615462.3,10.27,9.61,9.2,10.04
2026-01-08,US,Catalog,Atlantic Music Group,1884173032,1584111,63320,8600.1,1512190.9,9.34,5.29,7.06,9.45
2026-01-01,US,Catalog,Interscope/Geffen/A&M,1901976844,1402737,174430,12193.6,1216113.4,10.39,10.57,9.24,10.01
2026-01-01,US,Current,Atlantic Music Group,370940609,286187,44849,2589.3,238748.7,7.22,4.41,4.22,7.74
2026-01-01,US,Overall,Interscope/Geffen/A&M,2207499007,1700131,283530,13830.8,1402770.2,9.73,10.63,7.15,9.28
2026-01-01,US,Catalog,Atlantic Music Group,1773504904,1220902,87328,9114,1124460,9.04,5.29,6.91,9.33
2026-01-01,US,Current,Interscope/Geffen/A&M,305522163,297394,109100,1637.2,186656.8,7.5,10.74,2.67,6.38
2026-01-01,US,Overall,Atlantic Music Group,2144445513,1507089,132177,11703.3,1363208.7,8.63,4.96,6.05,9.01
2025-12-25,US,Catalog,Atlantic Music Group,1945197677,1373727,128295,9210.1,1236221.9,8.36,5.02,6.87,8.74
2025-12-25,US,Overall,Interscope/Geffen/A&M,2628986843,2145803,456086,13656.2,1676060.8,10.15,10.89,7.17,9.62
2025-12-25,US,Current,Interscope/Geffen/A&M,324201634,368511,173334,1402.1,193774.9,7.84,10.61,2.49,6.38
2025-12-25,US,Current,Atlantic Music Group,397965324,337054,78723,2464.4,255866.6,7.17,4.82,4.37,7.83
2025-12-25,US,Catalog,Interscope/Geffen/A&M,2304785209,1777292,282752,12254.1,1482285.9,10.81,11.07,9.14,10.36
2025-12-25,US,Overall,Atlantic Music Group,2343163001,1710781,207018,11674.5,1492088.5,8.09,4.94,6.13,8.57
2025-12-18,US,Overall,Atlantic Music Group,2403838544,1741733,197232,10892,1533609,8.45,5.34,5.96,8.84
2025-12-18,US,Overall,Interscope/Geffen/A&M,2576502126,2024267,381399,12454.2,1630413.8,9.82,10.33,6.81,9.47
2025-12-18,US,Current,Atlantic Music Group,429870487,367137,86382,2389.9,278365.1,7.57,5.57,4.16,8.01
2025-12-18,US,Catalog,Atlantic Music Group,1973968057,1374596,110850,8502.1,1255243.9,8.72,5.17,6.78,9.04
2025-12-18,US,Current,Interscope/Geffen/A&M,358233002,373014,163258,1371.6,208384.4,7.69,10.53,2.39,6.67
2025-12-18,US,Catalog,Interscope/Geffen/A&M,2218269124,1651253,218141,11082.6,1422029.4,10.48,10.18,8.84,10.16
2025-12-11,US,Current,Interscope/Geffen/A&M,373203542,387057,161517,1607.5,223932.5,8.18,11.75,2.7,6.85
2025-12-11,US,Overall,Atlantic Music Group,2383808429,1674295,139420,10913.5,1523961.5,8.35,4.38,5.83,8.8
2025-12-11,US,Current,Atlantic Music Group,415276300,322319,49146,2132,271041,6.81,3.57,3.59,7.62
2025-12-11,US,Overall,Interscope/Geffen/A&M,2552735757,1969382,333601,12926,1622855,9.82,10.47,6.9,9.42
2025-12-11,US,Catalog,Atlantic Music Group,1968532129,1351976,90274,8781.5,1252920.5,8.82,4.99,6.87,9.09
2025-12-11,US,Catalog,Interscope/Geffen/A&M,2179532215,1582325,172084,11318.5,1398922.5,10.32,9.5,8.86,10.07
2025-12-04,US,Current,Atlantic Music Group,398628027,339161,80045,2240.5,256875.5,7.13,4.96,3.93,7.72
2025-12-04,US,Catalog,Atlantic Music Group,1824855421,1254564,85110,7820.1,1161633.9,8.79,4.98,6.76,9.06
2025-12-04,US,Overall,Interscope/Geffen/A&M,2383321138,1850467,319896,11400.5,1519170.5,9.73,9.63,6.6,9.42
2025-12-04,US,Current,Interscope/Geffen/A&M,361390447,377887,156457,1410.6,220019.4,7.95,9.7,2.47,7
2025-12-04,US,Overall,Atlantic Music Group,2223483448,1593725,165155,10060.6,1418509.4,8.38,4.97,5.82,8.79
2025-12-04,US,Catalog,Interscope/Geffen/A&M,2021930691,1472580,163439,9989.9,1299151.1,10.32,9.56,8.63,10.04
2025-11-27,US,Overall,Interscope/Geffen/A&M,2478636988,1812568,227976,12224,1572368,9.42,8.46,6.34,9.33
2025-11-27,US,Catalog,Interscope/Geffen/A&M,2088186753,1455613,110943,10639.4,1334030.6,10.18,8.99,8.53,9.96
2025-11-27,US,Current,Interscope/Geffen/A&M,390450235,356955,117033,1584.6,238337.4,7.21,8.01,2.33,6.96
2025-11-27,US,Catalog,Atlantic Music Group,1917660337,1284449,61933,8507.7,1214008.3,8.99,5.02,6.82,9.15
2025-11-27,US,Overall,Atlantic Music Group,2367046820,1620361,102271,11383.1,1506706.9,8.42,3.79,5.91,8.91
2025-11-27,US,Current,Atlantic Music Group,449386483,335912,40338,2875.4,292698.6,6.78,2.76,4.23,8.01
2025-11-20,US,Current,Atlantic Music Group,459897553,341664,39652,3026.7,298985.3,7.39,3.65,4.66,8.06
2025-11-20,US,Overall,Interscope/Geffen/A&M,2479719977,1776894,187339,12286.7,1577268.3,9.51,8.67,6.5,9.32
2025-11-20,US,Overall,Atlantic Music Group,2382159995,1616147,90370,11417.9,1514359.1,8.65,4.18,6.04,8.95
2025-11-20,US,Current,Interscope/Geffen/A&M,397246116,350093,98450,1686.9,249956.1,7.57,9.06,2.59,6.96
2025-11-20,US,Catalog,Atlantic Music Group,1922262442,1274483,50718,8391.2,1215373.8,9.06,4.73,6.76,9.2
2025-11-20,US,Catalog,Interscope/Geffen/A&M,2082473861,1426801,88889,10599.8,1327312.2,10.14,8.28,8.54,9.97
2025-11-13,US,Current,Atlantic Music Group,423304586,316489,37870,2932,275687,7.09,3.52,4.63,7.64
2025-11-13,US,Current,Interscope/Geffen/A&M,392109822,324656,80080,1843.7,242732.3,7.27,7.45,2.91,7.08
2025-11-13,US,Overall,Atlantic Music Group,2338212451,1591511,92506,11503.9,1487501.1,8.61,4.17,6.12,8.9
2025-11-13,US,Catalog,Atlantic Music Group,1914907865,1275022,54636,8571.9,1211814.1,9.1,4.77,6.87,9.24
2025-11-13,US,Catalog,Interscope/Geffen/A&M,2025477606,1391766,89950,10812.7,1291003.3,9.93,7.86,8.67,9.77
2025-11-13,US,Overall,Interscope/Geffen/A&M,2417587428,1716422,170030,12656.4,1533735.6,9.29,7.66,6.73,9.21
2025-11-06,US,Overall,Interscope/Geffen/A&M,2381228125,1673126,161187,12665.4,1499273.6,9.26,8.66,6.8,9.16
2025-11-06,US,Current,Atlantic Music Group,428699866,325619,43413,2716,279490,7.49,4.64,4.3,7.82
2025-11-06,US,Catalog,Atlantic Music Group,1931131929,1276463,44130,8290.9,1224042.1,9.31,4.77,6.74,9.41
2025-11-06,US,Current,Interscope/Geffen/A&M,397618652,326604,87843,2156.5,236604.5,7.51,9.39,3.41,7.25
2025-11-06,US,Catalog,Interscope/Geffen/A&M,1983609473,1346522,73344,10508.9,1262669.1,9.82,7.92,8.55,9.66
2025-11-06,US,Overall,Atlantic Music Group,2359831795,1602082,87543,11006.9,1503532.1,8.87,4.7,5.91,9.07
2025-10-30,US,Current,Atlantic Music Group,474790211,349046,35112,2722.7,311211.3,7.74,3.57,4.17,8.37
2025-10-30,US,Catalog,Atlantic Music Group,1891459892,1255815,47666,8427,1199722,9.18,4.88,6.71,9.29
2025-10-30,US,Overall,Atlantic Music Group,2366250103,1604861,82778,11149.7,1510933.3,8.82,4.22,5.84,9.09
2025-10-30,US,Catalog,Interscope/Geffen/A&M,1980604676,1354030,79188,10799.1,1264042.9,9.9,8.11,8.6,9.73
2025-10-30,US,Overall,Interscope/Geffen/A&M,2392686176,1723614,220787,13508.7,1489318.3,9.47,11.26,7.07,9.19
2025-10-30,US,Current,Interscope/Geffen/A&M,412081500,369584,141599,2709.6,225275.4,8.19,14.39,4.15,7.27
2025-10-23,US,Current,Atlantic Music Group,510319205,375057,34176,2941.6,337939.4,8.25,3.71,4.82,8.76
2025-10-23,US,Catalog,Interscope/Geffen/A&M,1967177793,1336054,74975,10511.4,1250567.6,9.84,8.14,8.35,9.68
2025-10-23,US,Catalog,Atlantic Music Group,1898605528,1254740,44394,8595,1201751,9.24,4.82,6.83,9.34
2025-10-23,US,Overall,Atlantic Music Group,2408924733,1629797,78570,11536.6,1539690.4,8.99,4.27,6.17,9.21
2025-10-23,US,Current,Interscope/Geffen/A&M,417578512,344208,77525,2053.3,264629.7,7.57,8.42,3.36,7.16
2025-10-23,US,Overall,Interscope/Geffen/A&M,2384756305,1680262,152500,12564.7,1515197.3,9.27,8.28,6.72,9.12
2025-10-16,US,Overall,Interscope/Geffen/A&M,2381058979,1724793,199945,12691.1,1512156.9,9.18,8.2,6.75,9.04
2025-10-16,US,Catalog,Atlantic Music Group,1903573552,1278536,66679,8735.5,1203121.5,9.2,5.29,6.91,9.35
2025-10-16,US,Overall,Atlantic Music Group,2447501961,1709807,134345,11818.5,1563643.5,9.1,5.51,6.29,9.29
2025-10-16,US,Current,Interscope/Geffen/A&M,426604423,365868,91571,2156.6,272140.4,7.48,7.77,3.51,7.12
2025-10-16,US,Current,Atlantic Music Group,543928409,431271,67666,3083,360522,8.82,5.74,5.01,9.08
2025-10-16,US,Catalog,Interscope/Geffen/A&M,1954454556,1358925,108374,10534.5,1240016.5,9.78,8.6,8.34,9.6
2025-10-09,US,Current,Atlantic Music Group,548086712,413825,45219,3267.2,365338.8,4.89,1.03,5.27,8.54
2025-10-09,US,Catalog,Interscope/Geffen/A&M,1948513430,1335108,89944,10661.9,1234502.1,9.72,8.31,8.29,9.57
2025-10-09,US,Overall,Atlantic Music Group,2451715802,1679205,99365,12046.3,1567793.7,7.57,1.82,6.32,9.15
2025-10-09,US,Overall,Interscope/Geffen/A&M,2373179081,1680511,165820,12713,1501978,7.57,3.04,6.67,8.86
2025-10-09,US,Catalog,Atlantic Music Group,1903629090,1265380,54146,8779.1,1202454.9,9.22,5,6.83,9.35
2025-10-09,US,Current,Interscope/Geffen/A&M,424665651,345403,75876,2051.1,267475.9,4.08,1.73,3.31,6.61
2025-10-02,US,Catalog,Interscope/Geffen/A&M,1972913246,1343676,79909,10840.1,1252926.9,9.72,8.48,8.43,9.55
2025-10-02,US,Overall,Atlantic Music Group,2524651703,1739346,105922,12433.4,1620990.6,9.35,5.47,6.49,9.45
2025-10-02,US,Overall,Interscope/Geffen/A&M,2417689629,1703320,155041,12859.6,1535419.4,9.15,8,6.71,9.05
2025-10-02,US,Catalog,Atlantic Music Group,1911773432,1265046,47290,8703.6,1209052.4,9.15,5.02,6.77,9.25
2025-10-02,US,Current,Interscope/Geffen/A&M,444776383,359644,75132,2019.5,282492.5,7.52,7.55,3.2,7.36
2025-10-02,US,Current,Atlantic Music Group,612878271,474300,58632,3729.8,411938.2,9.92,5.89,5.91,10.14
2025-09-25,US,Catalog,Interscope/Geffen/A&M,1975149876,1344668,77323,10951.2,1256393.8,9.77,8.25,8.21,9.61
2025-09-25,US,Current,Atlantic Music Group,629716269,547433,113786,4307.8,429339.2,11.44,11.22,6.59,10.41
2025-09-25,US,Overall,Interscope/Geffen/A&M,2465149016,1764494,181170,13295.7,1570028.3,9.51,9.28,6.69,9.26
2025-09-25,US,Current,Interscope/Geffen/A&M,489999140,419826,103847,2344.5,313634.5,8.77,10.24,3.59,8.1
2025-09-25,US,Overall,Atlantic Music Group,2532220841,1806749,159843,12777.7,1634128.3,9.74,8.19,6.43,9.52
2025-09-25,US,Catalog,Atlantic Music Group,1902504572,1259316,46057,8469.9,1204789.1,9.15,4.91,6.35,9.25
2025-09-18,US,Current,Interscope/Geffen/A&M,470741215,361304,64767,2245.3,294291.7,7.42,5.92,3.47,7.77
2025-09-18,US,Catalog,Atlantic Music Group,1876823793,1241735,46273,9013,1186449,9.14,5.04,7.16,9.24
2025-09-18,US,Overall,Atlantic Music Group,2409103083,1834684,279725,12915.3,1542043.7,9.94,13.9,6.78,9.13
2025-09-18,US,Overall,Interscope/Geffen/A&M,2416795743,1687254,142520,12871.4,1531862.6,9.14,7.08,6.76,9.16
2025-09-18,US,Catalog,Interscope/Geffen/A&M,1946054528,1325950,77753,10626.1,1237570.9,9.76,8.47,8.45,9.58
2025-09-18,US,Current,Atlantic Music Group,532279290,592949,233452,3902.3,355594.7,12.17,21.33,6.03,8.79
2025-09-11,US,Current,Interscope/Geffen/A&M,477322148,367417,59319,2711.8,305386.2,7.78,6.56,4.25,7.8
2025-09-11,US,Overall,Interscope/Geffen/A&M,2396455336,1682105,143311,14065.6,1524728.4,9.21,7.54,7.42,9.12
2025-09-11,US,Catalog,Atlantic Music Group,1852343593,1232883,51233,8713.5,1172936.5,9.11,5.14,6.93,9.19
2025-09-11,US,Current,Atlantic Music Group,487003855,360305,35342,3679.1,321283.9,7.63,3.91,5.76,7.96
2025-09-11,US,Overall,Atlantic Music Group,2339347448,1593188,86575,12392.6,1494220.4,8.72,4.56,6.54,8.91
2025-09-11,US,Catalog,Interscope/Geffen/A&M,1919133188,1314688,83992,11353.8,1219342.2,9.71,8.43,9.03,9.52
2025-09-04,US,Overall,Interscope/Geffen/A&M,2394998708,1700912,161703,14108.6,1525100.4,9.1,7.4,7.2,9.07
2025-09-04,US,Catalog,Atlantic Music Group,1830226965,1220602,52323,9051.9,1159227.1,8.9,4.81,6.83,9.04
2025-09-04,US,Current,Atlantic Music Group,474860402,351321,34138,3200,313983,7.05,3.11,5.05,7.72
2025-09-04,US,Overall,Atlantic Music Group,2305087367,1571923,86461,12251.9,1473210.1,8.41,3.96,6.25,8.73
2025-09-04,US,Catalog,Interscope/Geffen/A&M,1924417999,1328602,92990,11720.2,1223891.8,9.69,8.55,8.84,9.5
2025-09-04,US,Current,Interscope/Geffen/A&M,470580709,372310,68713,2388.4,301208.6,7.47,6.26,3.77,7.65
2025-08-28,US,Overall,Interscope/Geffen/A&M,2462526753,1732907,156917,13899,1562091,9.03,6.66,6.9,9.12
2025-08-28,US,Overall,Atlantic Music Group,2344659960,1587449,77653,12891.8,1496904.2,8.27,3.29,6.4,8.68
2025-08-28,US,Current,Interscope/Geffen/A&M,489852328,381698,69402,2209.6,310086.4,7.25,5.31,3.29,7.78
2025-08-28,US,Current,Atlantic Music Group,497212525,360617,26632,3646.7,330338.3,6.85,2.04,5.43,7.89
2025-08-28,US,Catalog,Interscope/Geffen/A&M,1972674425,1351209,87515,11689.4,1252004.6,9.7,8.34,8.7,9.53
2025-08-28,US,Catalog,Atlantic Music Group,1847447435,1226832,51021,9245.1,1166565.9,8.8,4.86,6.88,8.92
2025-08-21,US,Current,Atlantic Music Group,517893998,379423,29588,4038.8,345796.2,8.09,3.5,6.15,8.45
2025-08-21,US,Overall,Atlantic Music Group,2352288593,1599954,82021,13531.3,1504401.7,8.62,4.22,6.7,8.82
2025-08-21,US,Overall,Interscope/Geffen/A&M,2453323910,1755619,183014,13692.4,1558912.6,9.46,9.41,6.78,9.2
2025-08-21,US,Catalog,Atlantic Music Group,1834394595,1220531,52433,9492.5,1158605.5,8.8,4.77,6.96,8.93
2025-08-21,US,Current,Interscope/Geffen/A&M,504780698,413085,88287,2201.6,322596.4,8.81,10.43,3.35,8.24
2025-08-21,US,Catalog,Interscope/Geffen/A&M,1948543212,1342534,94727,11490.8,1236316.2,9.68,8.63,8.43,9.49
2025-08-14,US,Overall,Interscope/Geffen/A&M,2492461841,1800588,200167,13841,1586580,9.69,10.21,6.92,9.33
2025-08-14,US,Current,Atlantic Music Group,563275223,421768,36332,3728.7,381707.3,8.81,4.13,5.82,9.05
2025-08-14,US,Catalog,Interscope/Geffen/A&M,1949660143,1339284,91259,11622,1236403,9.7,8.45,8.56,9.52
2025-08-14,US,Catalog,Atlantic Music Group,1832904790,1219044,54493,9789.6,1154761.4,8.83,5.04,7.21,8.95
2025-08-14,US,Overall,Atlantic Music Group,2396180013,1640812,90825,13518.3,1536468.7,8.83,4.63,6.76,8.97
2025-08-14,US,Current,Interscope/Geffen/A&M,542801698,461304,108908,2219,350177,9.63,12.37,3.46,8.72
2025-08-07,US,Current,Atlantic Music Group,465734208,338337,25836,3785,308716,7.17,3.11,5.54,7.53
2025-08-07,US,Overall,Atlantic Music Group,2319190821,1570216,81079,13427.3,1475709.7,8.43,4.1,6.45,8.66
2025-08-07,US,Catalog,Atlantic Music Group,1853456613,1231879,55243,9642.3,1166993.7,8.85,4.83,6.89,9
2025-08-07,US,Current,Interscope/Geffen/A&M,514262078,437735,108198,2248.4,327288.6,9.28,13.01,3.29,8.31
2025-08-07,US,Overall,Interscope/Geffen/A&M,2467581672,1782410,205612,13988.2,1562809.8,9.57,10.4,6.72,9.21
2025-08-07,US,Catalog,Interscope/Geffen/A&M,1953319594,1344675,97414,11739.8,1235521.2,9.66,8.51,8.39,9.48
2025-07-31,US,Overall,Interscope/Geffen/A&M,2419931558,1711626,164317,13914.7,1533394.3,9.21,7.83,6.61,9.12
2025-07-31,US,Current,Atlantic Music Group,452959382,339710,36565,3588.2,299556.8,7.11,3.83,5.42,7.4
2025-07-31,US,Catalog,Interscope/Geffen/A&M,1939997284,1338629,98213,11704.5,1228711.5,9.69,8.59,8.11,9.5
2025-07-31,US,Catalog,Atlantic Music Group,1824142978,1213862,54896,9787.2,1149178.8,8.79,4.8,6.78,8.94
2025-07-31,US,Current,Interscope/Geffen/A&M,479934274,372997,66104,2210.2,304682.8,7.81,6.92,3.34,7.84
2025-07-31,US,Overall,Atlantic Music Group,2277102360,1553572,91461,13375.4,1448735.6,8.36,4.36,6.35,8.58
2025-07-24,US,Catalog,Interscope/Geffen/A&M,1964634765,1353673,98251,11937.3,1243484.7,8.5,8.47,8.05,9.52
2025-07-24,US,Current,Interscope/Geffen/A&M,498331583,427370,107200,4648.4,315521.6,6.65,10.32,6.82,7.95
2025-07-24,US,Current,Atlantic Music Group,483711872,362324,37665,3411.6,321247.4,5.64,3.62,5,7.72
2025-07-24,US,Overall,Interscope/Geffen/A&M,2462966348,1781043,205451,16585.7,1559006.3,7.97,9.35,7.66,9.16
2025-07-24,US,Overall,Atlantic Music Group,2344717555,1599421,93365,13677.7,1492378.3,7.16,4.25,6.32,8.72
2025-07-24,US,Catalog,Atlantic Music Group,1861005683,1237097,55700,10266.1,1171130.9,7.77,4.8,6.93,9.02
2025-07-17,US,Current,Atlantic Music Group,441551486,327508,32986,3787.4,290734.6,6.37,2.76,5.6,6.97
2025-07-17,US,Overall,Atlantic Music Group,2296902068,1563293,91637,13788,1457868,8.24,3.83,6.68,8.58
2025-07-17,US,Catalog,Interscope/Geffen/A&M,1955706004,1352174,102510,11927,1237737,9.78,8.57,8.59,9.57
2025-07-17,US,Catalog,Atlantic Music Group,1855350582,1235785,58651,10000.6,1167133.4,8.94,4.91,7.2,9.08
2025-07-17,US,Overall,Interscope/Geffen/A&M,2463448457,1749498,176593,14480.3,1558424.7,9.22,7.38,7.01,9.2
2025-07-17,US,Current,Interscope/Geffen/A&M,507742453,397324,74083,2553.3,320687.7,7.72,6.19,3.78,8.02
2025-07-10,US,Current,Interscope/Geffen/A&M,509240528,393052,73860,2349.7,316842.3,9.3,10.35,3.87,8.88
2025-07-10,US,Catalog,Interscope/Geffen/A&M,1942017166,1336289,92707,11896.1,1231685.9,9.88,8.49,8.79,9.67
2025-07-10,US,Catalog,Atlantic Music Group,1824882394,1211499,52288,9611.6,1149599.4,8.95,4.79,7.1,9.08
2025-07-10,US,Overall,Atlantic Music Group,2267137804,1538238,83598,13064.7,1441575.3,8.66,4.63,6.66,8.78
2025-07-10,US,Current,Atlantic Music Group,442255410,326739,31310,3453.1,291975.9,7.73,4.39,5.68,7.72
2025-07-10,US,Overall,Interscope/Geffen/A&M,2451257694,1729341,166567,14245.8,1548528.2,9.74,9.23,7.26,9.49
2025-07-03,US,Current,Atlantic Music Group,479878712,364695,41653,4584.5,318457.5,7.68,3.8,6.68,7.85
2025-07-03,US,Overall,Atlantic Music Group,2406736740,1642511,95785,14923.3,1531802.7,8.74,4.2,7.04,8.92
2025-07-03,US,Overall,Interscope/Geffen/A&M,2554663857,1860805,227381,15182.2,1618241.8,9.91,9.97,7.16,9.47
2025-07-03,US,Current,Interscope/Geffen/A&M,563259127,491052,129887,2791.1,358373.9,10.34,11.85,4.07,9.21
2025-07-03,US,Catalog,Interscope/Geffen/A&M,1991404730,1369753,97494,12391.1,1259867.9,9.76,8.23,8.64,9.55
2025-07-03,US,Catalog,Atlantic Music Group,1926858028,1277816,54132,10338.8,1213345.2,9.1,4.57,7.21,9.24
2025-06-26,US,Overall,Interscope/Geffen/A&M,2478714694,1737631,152353,14751.7,1570526.3,9.53,8.4,7.11,9.39
2025-06-26,US,Overall,Atlantic Music Group,2344283458,1587358,78753,14909.8,1493695.2,8.7,4.34,7.19,8.88
2025-06-26,US,Catalog,Interscope/Geffen/A&M,1963354686,1347345,90691,12058.7,1244595.3,9.78,8.56,8.65,9.58
2025-06-26,US,Current,Interscope/Geffen/A&M,515360008,390286,61662,2693,325931,8.76,8.19,3.96,8.73
2025-06-26,US,Current,Atlantic Music Group,447863372,328434,26143,4677.3,297613.7,7.37,3.47,6.88,7.58
2025-06-26,US,Catalog,Atlantic Music Group,1896420086,1258924,52610,10232.5,1196081.5,9.14,4.96,7.34,9.26
2025-06-19,US,Current,Atlantic Music Group,442088376,329812,32863,3460.4,293488.6,7.13,3.26,5.28,7.55
2025-06-19,US,Catalog,Atlantic Music Group,1908062897,1275252,61837,10752.4,1202662.6,9.13,5.06,7.56,9.28
2025-06-19,US,Current,Interscope/Geffen/A&M,527368373,432643,103676,4332.8,324634.2,9.35,10.29,6.61,9
2025-06-19,US,Catalog,Interscope/Geffen/A&M,1973181553,1371167,109304,11901,1249962,9.82,8.95,8.37,9.59
2025-06-19,US,Overall,Atlantic Music Group,2350151273,1605064,94700,14212.8,1496151.2,8.63,4.25,6.84,8.89
2025-06-19,US,Overall,Interscope/Geffen/A&M,2500549926,1803810,212980,16233.8,1574596.2,9.7,9.55,7.81,9.46
2025-06-12,US,Current,Atlantic Music Group,447408499,357853,57220,3650.2,296982.8,7.45,5.6,5.56,7.43
2025-06-12,US,Overall,Atlantic Music Group,2401214724,1659252,114403,14252.2,1530596.8,8.85,5.31,6.88,8.99
2025-06-12,US,Overall,Interscope/Geffen/A&M,2498810752,1866092,269442,14557.6,1582092.4,9.96,12.5,7.03,9.36
2025-06-12,US,Catalog,Interscope/Geffen/A&M,1977833672,1362800,101274,11973.7,1249552.3,9.78,8.93,8.47,9.56
2025-06-12,US,Catalog,Atlantic Music Group,1953806225,1301399,57183,10602,1233614,9.34,5.04,7.5,9.45
2025-06-12,US,Current,Interscope/Geffen/A&M,520977080,503292,168168,2583.9,332540.1,10.47,16.46,3.94,8.65
2025-06-05,US,Overall,Atlantic Music Group,2406869102,1622345,80118,13861.6,1528365.4,8.61,4.05,6.74,8.85
2025-06-05,US,Current,Interscope/Geffen/A&M,539017470,462137,118491,2897.3,340748.7,9.99,14.24,4.45,8.9
2025-06-05,US,Overall,Interscope/Geffen/A&M,2557135073,1849760,219517,15128.4,1615114.6,9.82,11.1,7.36,9.4
2025-06-05,US,Catalog,Interscope/Geffen/A&M,2018117603,1387623,101026,12231.1,1274365.9,9.76,8.82,8.7,9.55
2025-06-05,US,Catalog,Atlantic Music Group,1968229812,1302631,53181,10280.9,1239169.1,9.17,4.64,7.31,9.31
2025-06-05,US,Current,Atlantic Music Group,438639290,319714,26937,3580.7,289196.3,6.91,3.24,5.5,7.24
2025-05-29,US,Current,Interscope/Geffen/A&M,564721780,440211,77105,3744.2,359361.8,9.73,10.18,5.47,9.42
2025-05-29,US,Catalog,Atlantic Music Group,1890377261,1253840,54545,10081.6,1189213.4,8.96,4.95,7.14,9.1
2025-05-29,US,Catalog,Interscope/Geffen/A&M,2005285103,1384081,101418,12256,1270407,9.9,9.21,8.67,9.65
2025-05-29,US,Overall,Interscope/Geffen/A&M,2570006883,1824292,178523,16000.2,1629768.8,9.86,9.6,7.63,9.6
2025-05-29,US,Current,Atlantic Music Group,430935143,315138,27395,3724,284019,6.97,3.62,5.44,7.19
2025-05-29,US,Overall,Atlantic Music Group,2321312404,1568978,81940,13805.6,1473232.4,8.48,4.41,6.58,8.67
2025-05-22,US,Current,Atlantic Music Group,449195690,329554,29784,3652.6,296117.4,6.8,3.34,5.7,7.17
2025-05-22,US,Overall,Interscope/Geffen/A&M,2590828553,1855913,207037,17012.9,1631863.1,9.76,10.61,8.37,9.45
2025-05-22,US,Overall,Atlantic Music Group,2383917221,1610540,82262,13951.9,1514326.1,8.47,4.22,6.87,8.7
2025-05-22,US,Catalog,Atlantic Music Group,1934721531,1280986,52478,10299.3,1218208.7,9.05,4.95,7.41,9.15
2025-05-22,US,Catalog,Interscope/Geffen/A&M,2035288523,1396074,94223,12058.6,1289792.4,9.86,8.89,8.67,9.63
2025-05-22,US,Current,Interscope/Geffen/A&M,555540030,459839,112814,4954.3,342070.7,9.49,12.65,7.73,8.86
2025-05-15,US,Current,Atlantic Music Group,470041336,357779,44378,3397.8,310003.2,7.54,5.08,5.41,7.63
2025-05-15,US,Catalog,Atlantic Music Group,1946728434,1284812,54170,9818.1,1220823.9,8.89,5.16,7.13,9
2025-05-15,US,Current,Interscope/Geffen/A&M,584009194,436249,60454,2782.4,373012.6,9.2,6.91,4.43,9.48
2025-05-15,US,Overall,Interscope/Geffen/A&M,2681377388,1867937,153004,14470,1700463,9.73,7.95,7.22,9.65
2025-05-15,US,Catalog,Interscope/Geffen/A&M,2097368194,1431688,92550,11687.6,1327450.4,9.91,8.81,8.49,9.69
2025-05-15,US,Overall,Atlantic Music Group,2416769770,1642591,98548,13215.9,1530827.1,8.56,5.12,6.59,8.69
2025-05-08,US,Overall,Atlantic Music Group,2385281636,1608112,83343,13453.2,1511315.8,8.49,4.41,6.62,8.69
2025-05-08,US,Overall,Interscope/Geffen/A&M,2676580856,1857902,142612,15233.8,1700056.2,9.81,7.55,7.49,9.75
2025-05-08,US,Catalog,Atlantic Music Group,1930589568,1275369,53089,10095.9,1212184.1,8.92,4.97,7.26,9.04
2025-05-08,US,Catalog,Interscope/Geffen/A&M,2074472871,1415882,90052,12134,1313696,9.91,8.43,8.72,9.71
2025-05-08,US,Current,Atlantic Music Group,454692068,332743,30254,3357.3,299131.7,7.15,3.69,5.23,7.48
2025-05-08,US,Current,Interscope/Geffen/A&M,602107985,442020,52560,3099.8,386360.2,9.5,6.41,4.83,9.91
2025-05-01,US,Current,Interscope/Geffen/A&M,611323146,469633,73641,3061.5,392930.5,10.08,8.93,4.64,10.01
2025-05-01,US,Catalog,Interscope/Geffen/A&M,2067390420,1408654,89020,12184.5,1307449.5,9.9,8.66,8.85,9.69
2025-05-01,US,Overall,Atlantic Music Group,2409549522,1616055,76248,13653.3,1526153.7,8.56,4.12,6.7,8.78
2025-05-01,US,Current,Atlantic Music Group,462367760,332402,25000,3648.1,303753.9,7.13,3.03,5.53,7.57
2025-05-01,US,Overall,Interscope/Geffen/A&M,2678713566,1878287,162661,15246,1700380,9.94,8.78,7.48,9.76
2025-05-01,US,Catalog,Atlantic Music Group,1947181762,1283653,51248,10005.2,1222399.8,9.02,4.99,7.27,9.13
2025-04-24,US,Catalog,Interscope/Geffen/A&M,2061625447,1417186,103165,11536,1302485,9.98,9.59,8.55,9.71
2025-04-24,US,Overall,Atlantic Music Group,2370789635,1596259,82466,13037,1500756,8.52,4.57,6.51,8.67
2025-04-24,US,Overall,Interscope/Geffen/A&M,2688870036,1888493,168973,14546.7,1704973.3,10.08,9.36,7.26,9.83
2025-04-24,US,Current,Atlantic Music Group,459973521,334669,28515,3542.9,302611.1,7.38,3.92,5.42,7.54
2025-04-24,US,Current,Interscope/Geffen/A&M,627244589,471307,65808,3010.7,402488.3,10.4,9.04,4.61,10.28
2025-04-24,US,Catalog,Atlantic Music Group,1910816114,1261590,53951,9494.1,1198144.9,8.88,5.01,7.04,9
2025-04-17,US,Current,Interscope/Geffen/A&M,644260165,518568,102697,3325,412546,9.72,6.81,5.28,10.18
2025-04-17,US,Catalog,Atlantic Music Group,1946143250,1298172,64959,9572.7,1223640.3,8.92,5.27,7.07,9.05
2025-04-17,US,Overall,Atlantic Music Group,2413484727,1725870,183864,12990.8,1529015.2,8.68,6.71,6.55,8.67
2025-04-17,US,Overall,Interscope/Geffen/A&M,2739278733,1966868,213598,15046.3,1738223.7,9.89,7.79,7.59,9.84
2025-04-17,US,Current,Atlantic Music Group,467341477,427698,118905,3418.1,305374.9,8.01,7.88,5.43,7.38
2025-04-17,US,Catalog,Interscope/Geffen/A&M,2095018568,1448300,110901,11721.3,1325677.7,9.95,9,8.66,9.74
2025-04-10,US,Catalog,Atlantic Music Group,1886894204,1256019,59716,9770.7,1186532.3,8.96,5.49,7.12,9.02
2025-04-10,US,Current,Interscope/Geffen/A&M,678186680,542532,99385,3885.8,439261.2,11.55,12.37,6.07,10.88
2025-04-10,US,Overall,Atlantic Music Group,2349105036,1595396,90403,13160,1491833,8.52,4.78,6.54,8.65
2025-04-10,US,Current,Atlantic Music Group,462210832,339377,30687,3389.3,305300.7,7.22,3.82,5.29,7.42
2025-04-10,US,Overall,Interscope/Geffen/A&M,2713422354,1936117,193330,15873.7,1726913.3,10.34,10.22,7.89,9.99
2025-04-10,US,Catalog,Interscope/Geffen/A&M,2035235674,1393585,93945,11987.9,1287652.1,9.94,8.63,8.74,9.72
2025-04-03,US,Overall,Atlantic Music Group,2319311468,1569830,97290,12030.2,1460509.8,8.37,4.65,6.07,8.57
2025-04-03,US,Current,Atlantic Music Group,423821022,314671,39254,2531.6,272885.4,6.56,4.25,3.96,6.77
2025-04-03,US,Overall,Interscope/Geffen/A&M,2753683997,1973836,211219,15307.6,1747309.4,10.52,10.1,7.73,10.18
2025-04-03,US,Current,Interscope/Geffen/A&M,732163686,584483,107057,3796.2,473629.8,12.18,11.6,5.94,11.69
2025-04-03,US,Catalog,Interscope/Geffen/A&M,2021520311,1389353,104162,11511.4,1273679.6,9.95,8.91,8.58,9.72
2025-04-03,US,Catalog,Atlantic Music Group,1895490446,1255159,58036,9498.6,1187624.4,8.99,4.96,7.08,9.11
2025-03-27,US,Catalog,Atlantic Music Group,1902825289,1257470,53910,9168.4,1194391.6,9,4.74,7.02,9.15
2025-03-27,US,Current,Interscope/Geffen/A&M,802750027,686256,159277,5695.9,521283.1,14.4,17.79,8.84,12.89
2025-03-27,US,Overall,Atlantic Music Group,2325632858,1571005,88909,11503.6,1470592.4,8.39,4.37,5.9,8.6
2025-03-27,US,Current,Atlantic Music Group,422807569,313535,34999,2335.2,276200.8,6.58,3.91,3.62,6.79
2025-03-27,US,Catalog,Interscope/Geffen/A&M,2040244077,1405294,105214,11043.7,1289036.3,10.06,9.25,8.46,9.81
2025-03-27,US,Overall,Interscope/Geffen/A&M,2842994104,2091550,264491,16739.6,1810319.4,11.16,13.01,8.58,10.52
2025-03-20,US,Overall,Atlantic Music Group,2281352019,1535392,82524,11608.8,1441259.2,8.24,4,6.01,8.49
2025-03-20,US,Overall,Interscope/Geffen/A&M,3058667899,2236643,267005,16171.4,1953466.6,12,12.93,8.37,11.39
2025-03-20,US,Catalog,Atlantic Music Group,1860955905,1229303,54179,9269.4,1165854.6,8.93,4.76,7.07,9.07
2025-03-20,US,Catalog,Interscope/Geffen/A&M,2054282573,1415340,105019,11324.3,1298996.7,10.28,9.23,8.63,10.01
2025-03-20,US,Current,Interscope/Geffen/A&M,1004385326,821303,161986,4847.1,654469.9,16.88,17.46,7.8,15.83
2025-03-20,US,Current,Atlantic Music Group,420396114,306089,28345,2339.4,275404.6,6.29,3.06,3.77,6.63
2025-03-13,US,Current,Atlantic Music Group,432452408,320753,35782,2351.3,282619.7,6.6,3.47,3.75,6.98
2025-03-13,US,Overall,Interscope/Geffen/A&M,2790632189,2112032,325588,16603.8,1769840.2,11.24,14.99,8.55,10.35
2025-03-13,US,Current,Interscope/Geffen/A&M,714062593,684126,220492,5232.4,458401.6,14.08,21.4,8.35,11.53
2025-03-13,US,Overall,Atlantic Music Group,2321220086,1567958,90775,11882.3,1465300.7,8.34,4.18,6.12,8.61
2025-03-13,US,Catalog,Atlantic Music Group,1888767678,1247205,54993,9531,1182681,8.95,4.82,7.24,9.09
2025-03-13,US,Catalog,Interscope/Geffen/A&M,2076569596,1427906,105096,11371.4,1311438.6,10.25,9.2,8.64,10
2025-03-06,US,Current,Atlantic Music Group,416588537,311869,37774,2350.8,271744.2,6.79,4.63,3.82,6.79
2025-03-06,US,Catalog,Atlantic Music Group,1868518077,1233763,55487,9585.5,1168690.5,8.97,5.01,7.3,9.1
2025-03-06,US,Overall,Atlantic Music Group,2285106614,1545632,93261,11936.3,1440434.7,8.42,4.85,6.19,8.57
2025-03-06,US,Overall,Interscope/Geffen/A&M,2721519119,1905360,172569,15361.3,1717429.7,10.38,8.97,7.96,10.2
2025-03-06,US,Current,Interscope/Geffen/A&M,658869908,491347,72470,4188.3,414688.7,10.7,8.88,6.8,10.74
2025-03-06,US,Catalog,Interscope/Geffen/A&M,2062649211,1414013,100099,11173,1302741,10.28,9.04,8.51,10.04
2025-02-27,US,Overall,Interscope/Geffen/A&M,2782760652,1949424,172688,16405.3,1760330.7,10.52,8.94,8.18,10.36
2025-02-27,US,Catalog,Interscope/Geffen/A&M,2094397146,1437600,100753,11636.7,1325210.3,10.43,9.17,8.57,10.18
2025-02-27,US,Current,Interscope/Geffen/A&M,688363506,511824,71935,4768.6,435120.4,10.77,8.64,7.36,10.95
2025-02-27,US,Overall,Atlantic Music Group,2281664068,1555417,102738,14528.4,1438150.6,8.39,5.32,7.24,8.5
2025-02-27,US,Current,Atlantic Music Group,432782859,328846,44686,2747.6,281412.4,6.92,5.37,4.24,6.89
2025-02-27,US,Catalog,Atlantic Music Group,1848881209,1226571,58052,11780.8,1156738.2,8.9,5.29,8.67,8.99
2025-02-20,US,Overall,Atlantic Music Group,2163624239,1463946,88390,11745.6,1363810.4,8.12,4.32,5.91,8.38
2025-02-20,US,Current,Interscope/Geffen/A&M,709059222,551108,91242,6194.5,453671.5,11.62,10.23,9.67,11.46
2025-02-20,US,Catalog,Interscope/Geffen/A&M,2021876965,1407781,114328,12364,1281089,10.6,9.89,9.17,10.3
2025-02-20,US,Current,Atlantic Music Group,416430553,303367,30810,2251.2,270305.8,6.39,3.46,3.51,6.73
2025-02-20,US,Overall,Interscope/Geffen/A&M,2730936187,1958889,205570,18558.5,1734760.5,10.87,10.04,9.33,10.58
2025-02-20,US,Catalog,Atlantic Music Group,1747193686,1160579,57580,9494.4,1093504.6,8.74,4.98,7.04,8.9
2025-02-13,US,Catalog,Atlantic Music Group,1779620514,1176351,53074,9313.8,1113963.2,8.76,4.9,7.08,8.91
2025-02-13,US,Overall,Atlantic Music Group,2216457259,1491759,81428,12060.5,1398270.5,8.21,4,6.13,8.49
2025-02-13,US,Current,Interscope/Geffen/A&M,763049726,686884,190267,9753.3,486863.7,14.48,19.96,14.96,12.47
2025-02-13,US,Catalog,Interscope/Geffen/A&M,2072856746,1437617,108698,13143,1315776,10.7,10.04,9.99,10.38
2025-02-13,US,Overall,Interscope/Geffen/A&M,2835906472,2124501,298965,22896.3,1802639.7,11.69,14.68,11.63,10.87
2025-02-13,US,Current,Atlantic Music Group,436836745,315408,28354,2746.7,284307.3,6.65,2.97,4.21,7.14
2025-02-06,US,Current,Interscope/Geffen/A&M,647851295,476623,58206,4720.1,413696.9,9.64,5.15,6.91,10.53
2025-02-06,US,Overall,Atlantic Music Group,2245559958,1505887,79774,12375.4,1413737.6,8.16,3.61,6.09,8.53
2025-02-06,US,Current,Atlantic Music Group,436689025,314692,27841,2808,284043,6.37,2.47,4.11,7.09
2025-02-06,US,Catalog,Atlantic Music Group,1808870933,1191195,51933,9567.4,1129694.6,8.82,4.81,7.09,8.97
2025-02-06,US,Catalog,Interscope/Geffen/A&M,2032767156,1392209,98566,11479.2,1282163.8,10.3,9.13,8.51,10.08
2025-02-06,US,Overall,Interscope/Geffen/A&M,2680618451,1868832,156772,16199.3,1695860.7,10.13,7.1,7.97,10.18
2025-01-30,US,Overall,Atlantic Music Group,2214055256,1494761,87166,11905.8,1395689.2,8.43,4.38,6.31,8.6
2025-01-30,US,Overall,Interscope/Geffen/A&M,2582412879,1795476,158916,13881.3,1622678.7,10.13,7.99,7.36,10.03
2025-01-30,US,Current,Atlantic Music Group,442678090,328705,36916,2797,288992,7.38,3.86,4.65,7.48
2025-01-30,US,Current,Interscope/Geffen/A&M,596560811,437526,63767,3045.7,370713.3,9.83,6.68,5.07,10.07
2025-01-30,US,Catalog,Atlantic Music Group,1771377166,1166056,50250,9108.8,1106697.2,8.79,4.86,7.08,8.93
2025-01-30,US,Catalog,Interscope/Geffen/A&M,1985852068,1357950,95149,10835.6,1251965.4,10.23,9.2,8.43,10.02
2025-01-23,US,Catalog,Interscope/Geffen/A&M,1890774279,1304247,103940,10755.1,1189551.9,10.29,9.4,8.37,10.06
2025-01-23,US,Current,Interscope/Geffen/A&M,593498801,457624,76738,3037.9,377848.1,10.73,9.99,5.24,10.51
2025-01-23,US,Catalog,Atlantic Music Group,1659584045,1096264,55159,9013.9,1032091.1,8.65,4.99,7.01,8.83
2025-01-23,US,Current,Atlantic Music Group,392062614,289371,33065,2064.5,254241.5,6.78,4.31,3.56,6.94
2025-01-23,US,Overall,Atlantic Music Group,2051646659,1385635,88224,11078.4,1286332.6,8.18,4.71,5.94,8.4
2025-01-23,US,Overall,Interscope/Geffen/A&M,2484273080,1761871,180678,13793,1567400,10.4,9.64,7.39,10.17
2025-01-16,US,Catalog,Interscope/Geffen/A&M,1930640734,1324592,99085,10823,1214684,10.23,8.7,8.38,10.06
2025-01-16,US,Current,Atlantic Music Group,403527691,295011,29926,2149.4,262935.6,6.47,3.54,3.7,6.83
2025-01-16,US,Overall,Interscope/Geffen/A&M,2550578580,1781385,156445,14105.9,1610834.1,10.18,7.88,7.53,10.16
2025-01-16,US,Overall,Atlantic Music Group,2092135313,1409479,85160,11283.9,1313035.1,8.05,4.29,6.03,8.34
2025-01-16,US,Catalog,Atlantic Music Group,1688607622,1114468,55234,9134.5,1050099.5,8.61,4.85,7.07,8.8
2025-01-16,US,Current,Interscope/Geffen/A&M,619937846,456793,57360,3282.9,396150.1,10.03,6.78,5.65,10.5
2025-01-09,US,Overall,Interscope/Geffen/A&M,2500759789,1773054,179670,13881.5,1579502.5,10.45,9.27,7.73,10.28
2025-01-09,US,Catalog,Interscope/Geffen/A&M,1872966103,1298293,110854,10663.4,1176775.6,10.31,9.45,8.56,10.06
2025-01-09,US,Catalog,Atlantic Music Group,1631292830,1080323,58736,8856.1,1012730.9,8.58,5.01,7.11,8.76
2025-01-09,US,Current,Atlantic Music Group,396714437,296626,34346,2170.6,260109.4,6.79,4.48,3.95,6.95
2025-01-09,US,Current,Interscope/Geffen/A&M,627793686,474761,68816,3218.1,402726.9,10.87,8.98,5.85,11
2025-01-09,US,Overall,Atlantic Music Group,2028007267,1376949,93082,11026.7,1272840.3,8.12,4.8,6.14,8.34
2025-01-02,US,Current,Atlantic Music Group,429641681,339821,57649,2643.9,279528.1,6.91,5.7,3.71,6.79
2025-01-02,US,Catalog,Interscope/Geffen/A&M,1682611778,1219350,157002,11443.2,1050904.8,9.8,9.8,8.19,9.46
2025-01-02,US,Overall,Interscope/Geffen/A&M,2523105517,1865292,266125,16491.4,1582675.6,10.75,10.18,7.82,10.46
2025-01-02,US,Current,Interscope/Geffen/A&M,840493739,645942,109123,5048.2,531770.8,13.13,10.79,7.08,13.29
2025-01-02,US,Overall,Atlantic Music Group,1994962758,1402160,145676,12339.1,1244144.9,8.08,5.57,5.85,8.27
2025-01-02,US,Catalog,Atlantic Music Group,1565321077,1062339,88027,9695.2,964616.8,8.54,5.49,6.94,8.8
2024-12-26,US,Overall,Atlantic Music Group,2086613238,1544218,227238,11836.2,1305143.8,7.6,5.35,5.81,7.87
2024-12-26,US,Catalog,Atlantic Music Group,1659726198,1177971,140009,9577.6,1028384.4,8.11,5.52,6.86,8.41
2024-12-26,US,Catalog,Interscope/Geffen/A&M,1836496980,1409952,250744,11248.9,1147959.1,9.7,9.88,8.06,9.3
2024-12-26,US,Overall,Interscope/Geffen/A&M,2801125157,2200340,422605,16952.7,1760782.3,10.83,9.95,8.32,10.56
2024-12-26,US,Current,Interscope/Geffen/A&M,964628177,790388,171861,5703.8,612823.2,13.67,10.06,8.91,14.23
2024-12-26,US,Current,Atlantic Music Group,426887040,366247,87229,2258.6,276759.4,6.33,5.1,3.53,6.3
2024-12-19,US,Catalog,Interscope/Geffen/A&M,1915663340,1424751,219044,10919.7,1194787.3,9.77,9.66,8.18,9.43
2024-12-19,US,Overall,Interscope/Geffen/A&M,2965027992,2279813,399333,17004.4,1863475.6,11,9.81,8.58,10.79
2024-12-19,US,Catalog,Atlantic Music Group,1757358361,1215487,117209,9132.5,1089145.5,8.33,5.17,6.84,8.65
2024-12-19,US,Current,Atlantic Music Group,469927634,386734,78030,2302.1,306401.9,6.29,4.33,3.56,6.55
2024-12-19,US,Current,Interscope/Geffen/A&M,1049364652,855062,180289,6084.7,668688.3,13.92,10,9.42,14.62
2024-12-19,US,Overall,Atlantic Music Group,2227285995,1602221,195239,11434.6,1395547.4,7.73,4.8,5.77,8.1
2024-12-12,US,Catalog,Atlantic Music Group,1715881966,1161947,91104,8960.9,1061882.1,8.28,4.94,6.82,8.58
2024-12-12,US,Current,Atlantic Music Group,493156268,446834,120793,3067.9,322973.1,7.17,6.85,4.49,6.72
2024-12-12,US,Catalog,Interscope/Geffen/A&M,1891259320,1371992,182000,10577.9,1179414.1,9.77,9.87,8.05,9.45
2024-12-12,US,Overall,Interscope/Geffen/A&M,2985121511,2229923,352689,17183.8,1860050.2,11,9.77,8.6,10.92
2024-12-12,US,Current,Interscope/Geffen/A&M,1093862191,857931,170689,6605.9,680636.1,13.77,9.67,9.66,14.9
2024-12-12,US,Overall,Atlantic Music Group,2209038234,1608781,211897,12028.8,1384855.2,7.94,5.87,6.02,8.08
2024-12-05,US,Overall,Atlantic Music Group,2058005196,1463900,164243,10226.9,1289430.1,7.51,4.25,5.61,7.99
2024-12-05,US,Current,Interscope/Geffen/A&M,1147068906,945634,209510,6321.6,729802.4,15.13,10.19,10.05,16.51
2024-12-05,US,Catalog,Interscope/Geffen/A&M,1792616256,1302613,175203,9632.3,1117777.7,9.84,9.68,8.06,9.53
2024-12-05,US,Current,Atlantic Music Group,432468267,358620,73810,2158,282652,5.74,3.59,3.43,6.23
2024-12-05,US,Overall,Interscope/Geffen/A&M,2939685162,2248247,384713,15953.9,1847580.1,11.53,9.95,8.75,11.41
2024-12-05,US,Catalog,Atlantic Music Group,1625536929,1105280,90433,8068.9,1006778.1,8.35,5,6.76,8.64
2024-11-28,US,Catalog,Interscope/Geffen/A&M,1853992843,1278251,115490,10422.4,1152338.6,9.79,9.15,8.13,9.55
2024-11-28,US,Current,Atlantic Music Group,467051832,349750,43289,2774.7,303686.3,5.91,3.24,3.73,6.3
2024-11-28,US,Catalog,Atlantic Music Group,1697354168,1115420,60281,8841.8,1046297.2,8.54,4.78,6.9,8.74
2024-11-28,US,Current,Interscope/Geffen/A&M,1239589369,979476,161000,7110.2,811365.8,16.54,12.04,9.56,16.72
2024-11-28,US,Overall,Atlantic Music Group,2164406000,1465170,103570,11616.5,1349983.5,7.72,3.99,5.74,8.07
2024-11-28,US,Overall,Interscope/Geffen/A&M,3093582212,2257727,276490,17532.6,1963704.4,11.9,10.64,8.66,11.53
2024-11-21,US,Catalog,Atlantic Music Group,1695708081,1106959,49610,8675.6,1048673.4,8.62,4.49,6.87,8.81
2024-11-21,US,Overall,Atlantic Music Group,2176632274,1457309,81476,11408.9,1364424.1,7.83,3.23,5.69,8.25
2024-11-21,US,Catalog,Interscope/Geffen/A&M,1803681785,1228451,93946,10146.4,1124358.6,9.57,8.51,8.03,9.37
2024-11-21,US,Current,Atlantic Music Group,480924193,350350,31866,2733.3,315750.7,6.05,2.25,3.68,6.74
2024-11-21,US,Current,Interscope/Geffen/A&M,858415462,794068,255067,9248.9,529752.1,13.72,18,12.46,12.04
2024-11-21,US,Overall,Interscope/Geffen/A&M,2662097247,2022519,349013,19395.3,1654110.7,10.86,13.84,9.67,10.09
2024-11-14,US,Catalog,Interscope/Geffen/A&M,1783939883,1203801,82141,10572.4,1111087.6,9.53,7.84,8.25,9.36
2024-11-14,US,Current,Atlantic Music Group,474107363,343500,33550,2323.7,307626.3,6.48,3.51,3.43,6.73
2024-11-14,US,Current,Interscope/Geffen/A&M,850425118,623452,87006,5076,531370,11.75,9.09,7.48,12.07
2024-11-14,US,Overall,Atlantic Music Group,2164085333,1442370,79987,11051.8,1351331.2,8.04,3.99,5.64,8.29
2024-11-14,US,Catalog,Atlantic Music Group,1689977970,1098870,46437,8728.1,1043704.9,8.7,4.43,6.81,8.86
2024-11-14,US,Overall,Interscope/Geffen/A&M,2634365001,1827253,169147,15648.4,1642457.6,10.19,8.44,7.99,10.09
2024-11-07,US,Current,Interscope/Geffen/A&M,838409385,608051,72641,4647.2,530762.8,11.4,7.08,6.98,11.85
2024-11-07,US,Overall,Atlantic Music Group,2206901586,1477588,79560,11207.4,1386820.6,8.41,3.92,5.91,8.6
2024-11-07,US,Current,Atlantic Music Group,539318307,398356,36532,2704,359120,7.47,3.56,4.06,7.62
2024-11-07,US,Catalog,Interscope/Geffen/A&M,1729148582,1158311,74356,10151,1073804,9.46,7.39,8.25,9.3
2024-11-07,US,Catalog,Atlantic Music Group,1667583279,1079232,43028,8503.4,1027700.6,8.81,4.27,6.91,8.97
2024-11-07,US,Overall,Interscope/Geffen/A&M,2567557967,1766362,146997,14798.2,1604566.8,10.05,7.23,7.8,10
2024-10-31,US,Catalog,Atlantic Music Group,1687088704,1091312,40796,8621.7,1041894.3,8.74,4.47,6.65,8.88
2024-10-31,US,Current,Interscope/Geffen/A&M,870295086,689137,132007,7120.4,550009.6,11.99,10.13,9.98,11.94
2024-10-31,US,Overall,Interscope/Geffen/A&M,2615558317,1853889,201270,17235.4,1635383.6,10.16,9.08,8.58,9.95
2024-10-31,US,Current,Atlantic Music Group,499053731,382495,49987,3138.9,329369.1,6.66,3.84,4.4,6.84
2024-10-31,US,Overall,Atlantic Music Group,2186142435,1473807,90783,11760.6,1371263.4,8.08,4.1,5.85,8.31
2024-10-31,US,Catalog,Interscope/Geffen/A&M,1745263231,1164752,69263,10115,1085374,9.32,7.59,7.8,9.18
2024-10-24,US,Overall,Atlantic Music Group,2173387005,1451591,87688,11857.1,1352045.9,8.05,4.47,5.86,8.25
2024-10-24,US,Catalog,Interscope/Geffen/A&M,1752757659,1173652,72300,10628.4,1090723.6,9.32,7.73,8.08,9.17
2024-10-24,US,Current,Interscope/Geffen/A&M,874035018,695234,132096,4857,558281,12.78,12.87,6.87,12.07
2024-10-24,US,Catalog,Atlantic Music Group,1692050387,1098766,44417,9241.9,1045107.1,8.72,4.75,7.03,8.86
2024-10-24,US,Overall,Interscope/Geffen/A&M,2626792677,1868886,204396,15485.4,1649004.6,10.36,10.42,7.66,9.97
2024-10-24,US,Current,Atlantic Music Group,481336618,352825,43271,2615.2,306938.8,6.49,4.22,3.7,6.65
2024-10-17,US,Catalog,Atlantic Music Group,1671042738,1092385,51314,9359.2,1031711.8,8.71,4.93,7.14,8.85
2024-10-17,US,Overall,Atlantic Music Group,2165682447,1492310,123716,11694.8,1356899.2,8.28,6.18,5.86,8.3
2024-10-17,US,Current,Interscope/Geffen/A&M,854448900,640156,92115,4930.1,543110.9,11.69,9.6,7.2,11.84
2024-10-17,US,Current,Atlantic Music Group,494639709,399925,72402,2335.6,325187.4,7.3,7.55,3.41,6.86
2024-10-17,US,Catalog,Interscope/Geffen/A&M,1748055083,1182270,82255,10480.8,1089534.2,9.42,7.9,7.99,9.26
2024-10-17,US,Overall,Interscope/Geffen/A&M,2602503983,1822426,174370,15410.9,1632645.1,10.11,8.72,7.72,9.98
2024-10-10,US,Current,Atlantic Music Group,467285188,426644,117519,2302.7,306822.3,8.07,12.28,3.41,6.71
2024-10-10,US,Current,Interscope/Geffen/A&M,794345911,577402,69875,4286.8,503240.2,10.92,7.3,6.35,11.41
2024-10-10,US,Catalog,Atlantic Music Group,1679688232,1090888,45458,9361.4,1036068.6,8.75,4.74,7.22,8.89
2024-10-10,US,Catalog,Interscope/Geffen/A&M,1751080102,1176067,75015,10166.2,1090885.8,9.43,7.82,7.85,9.27
2024-10-10,US,Overall,Interscope/Geffen/A&M,2545426013,1753469,144890,14453,1594126,9.88,7.56,7.33,9.85
2024-10-10,US,Overall,Atlantic Music Group,2146973420,1517532,162977,11664.1,1342890.9,8.55,8.5,5.92,8.31
2024-10-03,US,Overall,Interscope/Geffen/A&M,2530533521,1741666,139577,15583,1586506,9.92,7.91,7.47,9.81
2024-10-03,US,Current,Atlantic Music Group,453680538,327632,29004,2517.3,296110.7,6.35,3.43,3.47,6.51
2024-10-03,US,Current,Interscope/Geffen/A&M,797550600,579781,68630,4829.4,506321.6,11.24,8.12,6.66,11.44
2024-10-03,US,Catalog,Interscope/Geffen/A&M,1732982921,1161885,70947,10753.6,1080184.4,9.38,7.71,7.91,9.21
2024-10-03,US,Overall,Atlantic Music Group,2121856459,1408979,71901,12364.4,1324713.6,8.03,4.07,5.93,8.23
2024-10-03,US,Catalog,Atlantic Music Group,1668175921,1081347,42897,9847.1,1028602.9,8.73,4.66,7.24,8.87
2024-09-26,US,Current,Atlantic Music Group,466705371,334079,26888,2832.5,304358.5,6.2,2.87,3.8,6.51
2024-09-26,US,Current,Interscope/Geffen/A&M,788694770,563684,62960,4537.2,496186.8,10.45,6.72,6.08,11
2024-09-26,US,Overall,Interscope/Geffen/A&M,2521423010,1723779,135816,15392.2,1572570.8,9.63,7.32,7.18,9.64
2024-09-26,US,Catalog,Atlantic Music Group,1677867119,1085310,43239,9938.6,1032132.4,8.68,4.7,7.11,8.83
2024-09-26,US,Catalog,Interscope/Geffen/A&M,1732728240,1160095,72856,10855,1076384,9.28,7.92,7.77,9.12
2024-09-26,US,Overall,Atlantic Music Group,2144572490,1419389,70127,12771.1,1336490.9,7.93,3.78,5.96,8.2
2024-09-19,US,Overall,Interscope/Geffen/A&M,2558406522,1788548,173540,15956.8,1599051.2,9.91,9.01,7.33,9.75
2024-09-19,US,Overall,Atlantic Music Group,2185899350,1450145,72387,12932.5,1364825.5,8.04,3.76,5.94,8.33
2024-09-19,US,Current,Interscope/Geffen/A&M,817016466,622322,99807,5172.8,517342.2,11.41,9.95,6.71,11.45
2024-09-19,US,Catalog,Atlantic Music Group,1701275509,1101395,43754,10075,1047566,8.75,4.73,7.16,8.9
2024-09-19,US,Current,Atlantic Music Group,484623841,348750,28633,2857.5,317259.5,6.39,2.86,3.71,6.79
2024-09-19,US,Catalog,Interscope/Geffen/A&M,1741390056,1166226,73733,10784,1081709,9.26,7.98,7.67,9.11
2024-09-12,US,Current,Interscope/Geffen/A&M,799171841,578439,70513,4684.8,503241.2,10.82,7.95,6.29,11.2
2024-09-12,US,Overall,Interscope/Geffen/A&M,2517831496,1728279,143324,15489.3,1569465.7,9.72,7.82,7.3,9.68
2024-09-12,US,Catalog,Atlantic Music Group,1677303050,1085511,44857,9700.5,1030953.5,8.73,4.75,7.05,8.89
2024-09-12,US,Overall,Atlantic Music Group,2170968990,1443810,76815,13636.2,1353358.8,8.12,4.19,6.43,8.35
2024-09-12,US,Catalog,Interscope/Geffen/A&M,1718659655,1149840,72811,10804.5,1066224.5,9.25,7.71,7.86,9.11
2024-09-12,US,Current,Atlantic Music Group,493665940,358299,31958,3935.7,322405.3,6.7,3.6,5.28,6.92
2024-09-05,US,Current,Atlantic Music Group,505132949,361811,28179,3291.6,330340.4,6.75,3.54,4.32,7.01
2024-09-05,US,Catalog,Interscope/Geffen/A&M,1699752614,1140499,76999,11373.2,1052126.8,9.17,7.91,7.86,9.03
2024-09-05,US,Catalog,Atlantic Music Group,1681745247,1091743,47794,10341.4,1033607.6,8.78,4.91,7.14,8.94
2024-09-05,US,Current,Interscope/Geffen/A&M,807750598,636221,123687,5044.1,507489.9,11.88,15.56,6.62,11.2
2024-09-05,US,Overall,Atlantic Music Group,2186878196,1453554,75973,13633,1363948,8.17,4.3,6.17,8.4
2024-09-05,US,Overall,Interscope/Geffen/A&M,2507503212,1776720,200686,16417.3,1559616.7,9.98,11.35,7.43,9.63
2024-08-29,US,Catalog,Atlantic Music Group,1705276533,1104841,44507,10283.1,1050050.9,8.83,4.63,7.05,8.99
2024-08-29,US,Current,Interscope/Geffen/A&M,801017238,571389,64062,5385.2,501941.8,9.52,4.99,6.95,10.7
2024-08-29,US,Catalog,Interscope/Geffen/A&M,1721308551,1152949,75543,12323.8,1065082.2,9.22,7.86,8.45,9.07
2024-08-29,US,Overall,Interscope/Geffen/A&M,2522325789,1724338,139605,17709,1567024,9.31,6.22,7.93,9.53
2024-08-29,US,Current,Atlantic Music Group,528166753,378719,29131,3402.8,346185.2,6.31,2.27,4.39,7.05
2024-08-29,US,Overall,Atlantic Music Group,2233443286,1483560,73638,13685.9,1396236.1,8.01,3.28,6.13,8.44
2024-08-22,US,Catalog,Interscope/Geffen/A&M,1714523626,1156083,81850,11073.2,1063159.8,9.31,8.15,7.7,9.14
2024-08-22,US,Current,Atlantic Music Group,525935082,389897,39186,4079.1,346631.9,7.12,4.57,5.13,7.14
2024-08-22,US,Catalog,Atlantic Music Group,1674110256,1088629,47667,10259.2,1030702.8,8.76,4.74,7.13,8.93
2024-08-22,US,Overall,Interscope/Geffen/A&M,2511005806,1735148,158693,16652.5,1559802.5,9.69,8.52,7.46,9.61
2024-08-22,US,Current,Interscope/Geffen/A&M,796482180,579065,76843,5579.3,496642.7,10.57,8.96,7.02,10.82
2024-08-22,US,Overall,Atlantic Music Group,2200045338,1478526,86853,14338.3,1377334.7,8.26,4.66,6.42,8.42
2024-08-15,US,Current,Atlantic Music Group,492375299,364896,41040,2876,320980,6.76,5.03,3.76,6.72
2024-08-15,US,Current,Interscope/Geffen/A&M,813890478,592820,75188,5426.4,512205.6,10.97,9.22,7.1,11.11
2024-08-15,US,Overall,Interscope/Geffen/A&M,2523119851,1741047,152194,16491.7,1572361.3,9.84,8.48,7.54,9.74
2024-08-15,US,Overall,Atlantic Music Group,2137538328,1432422,87755,13068.5,1331598.5,8.1,4.89,5.97,8.25
2024-08-15,US,Catalog,Atlantic Music Group,1645163029,1067526,46715,10192.5,1010618.5,8.69,4.77,7.16,8.85
2024-08-15,US,Catalog,Interscope/Geffen/A&M,1709229373,1148227,77006,11065.3,1060155.7,9.34,7.87,7.78,9.2
2024-08-08,US,Overall,Interscope/Geffen/A&M,2504526634,1737216,162751,16630.1,1557834.9,9.94,8.39,7.65,9.86
2024-08-08,US,Catalog,Atlantic Music Group,1612257549,1047713,47789,10104.3,989819.7,8.72,4.79,7.26,8.88
2024-08-08,US,Overall,Atlantic Music Group,2118679794,1421222,86528,13589.3,1321104.7,8.13,4.46,6.25,8.34
2024-08-08,US,Current,Interscope/Geffen/A&M,831971275,610449,85169,5622.2,519657.8,11.19,9.03,7.18,11.49
2024-08-08,US,Current,Atlantic Music Group,506422245,373509,38739,3485,331285,6.84,4.11,4.45,6.99
2024-08-08,US,Catalog,Interscope/Geffen/A&M,1672555359,1126767,77582,11007.9,1038177.1,9.37,7.78,7.91,9.21
2024-08-01,US,Current,Interscope/Geffen/A&M,866205537,655140,95572,10653.2,548914.8,12.08,10.73,12.89,11.91
2024-08-01,US,Catalog,Atlantic Music Group,1632415569,1058275,45307,10050.7,1002917.3,8.79,4.52,7.24,8.97
2024-08-01,US,Overall,Atlantic Music Group,2170819332,1463017,92358,14081.5,1356577.5,8.38,4.88,6.36,8.52
2024-08-01,US,Current,Atlantic Music Group,538403763,404742,47051,4030.8,353660.2,7.46,5.28,4.88,7.41
2024-08-01,US,Overall,Interscope/Geffen/A&M,2552960249,1787797,170835,21654.8,1595307.2,10.24,9.02,9.77,10.02
2024-08-01,US,Catalog,Interscope/Geffen/A&M,1686754712,1132657,75263,11001.6,1046392.4,9.41,7.51,7.92,9.26
2024-07-25,US,Catalog,Atlantic Music Group,1636125554,1065325,50792,10359,1004174,8.8,4.82,7.27,8.97
2024-07-25,US,Current,Atlantic Music Group,534753091,409200,52931,4840.1,351428.9,7.05,4.38,5.45,7.24
2024-07-25,US,Catalog,Interscope/Geffen/A&M,1706525639,1153842,82483,11553.7,1059805.3,9.53,7.83,8.11,9.35
2024-07-25,US,Overall,Atlantic Music Group,2170878645,1474525,103723,15199.1,1355602.9,8.23,4.59,6.57,8.47
2024-07-25,US,Overall,Interscope/Geffen/A&M,2635242209,1965227,306660,23545.8,1635021.2,10.97,13.56,10.18,10.28
2024-07-25,US,Current,Interscope/Geffen/A&M,928716570,811385,224177,11992.1,575215.9,13.98,18.55,13.5,12.57
2024-07-18,US,Catalog,Atlantic Music Group,1629907965,1057594,45985,10228.5,1001380.5,8.83,4.54,7.31,9.01
2024-07-18,US,Catalog,Interscope/Geffen/A&M,1695845549,1145036,80908,11750,1052378,9.56,7.99,8.4,9.37
2024-07-18,US,Current,Interscope/Geffen/A&M,1021488959,982745,305467,4968.9,672309.1,17.1,27.46,6.31,13.76
2024-07-18,US,Overall,Interscope/Geffen/A&M,2717334508,2127781,386375,16718.9,1724687.1,12,18.18,7.65,10.65
2024-07-18,US,Overall,Atlantic Music Group,2136586218,1428757,82153,12910.7,1333693.3,8.06,3.87,5.91,8.37
2024-07-18,US,Current,Atlantic Music Group,506678253,371163,36168,2682.2,332312.8,6.46,3.25,3.41,6.83
2024-07-11,US,Current,Interscope/Geffen/A&M,856991687,621573,75116,5561.1,540895.9,11.86,9.21,7.1,11.99
2024-07-11,US,Overall,Atlantic Music Group,2101769403,1411745,83413,12939.2,1315392.8,8.29,4.53,5.98,8.43
2024-07-11,US,Catalog,Interscope/Geffen/A&M,1680963989,1135635,78431,11259.1,1045944.9,9.63,7.64,8.15,9.45
2024-07-11,US,Current,Atlantic Music Group,511106160,376091,36847,2670.4,336573.6,7.18,4.52,3.41,7.15
2024-07-11,US,Overall,Interscope/Geffen/A&M,2537955676,1757208,153547,16820.2,1586840.8,10.31,8.34,7.77,10.18
2024-07-11,US,Catalog,Atlantic Music Group,1590663243,1035654,46566,10268.8,978819.2,8.78,4.54,7.43,8.95
2024-07-04,US,Overall,Atlantic Music Group,2238595313,1525356,108672,15410.5,1401273.5,8.47,5.09,6.21,8.55
2024-07-04,US,Catalog,Atlantic Music Group,1665425830,1086365,52032,12167.6,1022165.4,8.78,4.68,7.72,8.93
2024-07-04,US,Catalog,Interscope/Geffen/A&M,1744070734,1175633,81355,12636,1081642,9.5,7.31,8.02,9.35
2024-07-04,US,Current,Atlantic Music Group,573169483,438991,56640,3242.9,379108.1,7.79,5.54,3.58,7.61
2024-07-04,US,Current,Interscope/Geffen/A&M,873503246,678696,117814,7636.8,553245.2,12.05,11.52,8.43,11.6
2024-07-04,US,Overall,Interscope/Geffen/A&M,2617573980,1854329,199169,20272.8,1634887.2,10.3,9.33,8.17,10
2024-06-27,US,Catalog,Interscope/Geffen/A&M,1739335879,1171311,80085,12232.5,1078993.5,9.6,7.93,8.13,9.44
2024-06-27,US,Current,Interscope/Geffen/A&M,848202887,688278,148416,6055.3,533806.7,12.31,15.96,7,11.35
2024-06-27,US,Overall,Interscope/Geffen/A&M,2587538766,1859589,228501,18287.8,1612800.2,10.45,11.78,7.72,9.99
2024-06-27,US,Overall,Atlantic Music Group,2173112487,1466531,98165,13918.3,1354447.7,8.24,5.06,5.87,8.39
2024-06-27,US,Current,Atlantic Music Group,530084520,398832,49118,2810.5,346903.5,7.13,5.28,3.25,7.09
2024-06-27,US,Catalog,Atlantic Music Group,1643027967,1067699,49047,11107.8,1007544.2,8.75,4.86,7.38,8.92
2024-06-20,US,Overall,Interscope/Geffen/A&M,2571237128,1790375,167783,17968.5,1604623.5,9.86,7.94,7.63,9.79
2024-06-20,US,Current,Atlantic Music Group,552393969,443062,85272,2598.5,355191.5,7.75,8.56,3.09,7.29
2024-06-20,US,Overall,Atlantic Music Group,2215808554,1524561,137102,13803.9,1373655.1,8.4,6.49,5.86,8.44
2024-06-20,US,Catalog,Atlantic Music Group,1663414585,1081499,51830,11205.4,1018463.6,8.7,4.64,7.39,8.91
2024-06-20,US,Catalog,Interscope/Geffen/A&M,1750555305,1184267,89214,12320.3,1082732.7,9.53,7.99,8.12,9.38
2024-06-20,US,Current,Interscope/Geffen/A&M,820681823,606108,78569,5648.2,521890.8,10.6,7.88,6.72,10.82
2024-06-13,US,Overall,Interscope/Geffen/A&M,2624905753,1828299,170655,21239.9,1636404.1,10.05,8.45,8.87,9.91
2024-06-13,US,Current,Interscope/Geffen/A&M,844100949,630647,86148,8337.1,536161.9,11.1,9.04,9.61,11.12
2024-06-13,US,Catalog,Atlantic Music Group,1700338490,1100614,48270,11202,1041142,8.79,4.52,7.33,8.99
2024-06-13,US,Overall,Atlantic Music Group,2235661306,1535315,127728,14116,1393471,8.44,6.32,5.9,8.44
2024-06-13,US,Current,Atlantic Music Group,535322816,434701,79458,2914,352329,7.65,8.34,3.36,7.05
2024-06-13,US,Catalog,Interscope/Geffen/A&M,1780804804,1197652,84507,12902.8,1100242.2,9.57,7.92,8.45,9.42
2024-06-06,US,Catalog,Interscope/Geffen/A&M,1795182584,1208806,88113,12941.8,1107751.2,9.67,8.26,8.46,9.5
2024-06-06,US,Catalog,Atlantic Music Group,1654814778,1070358,47071,10989.8,1012297.2,8.56,4.41,7.19,8.76
2024-06-06,US,Current,Interscope/Geffen/A&M,880795523,658180,101593,10098,546489,11.73,11.28,11.51,11.68
2024-06-06,US,Overall,Atlantic Music Group,2111147345,1422712,98128,14039.6,1310544.4,7.85,4.99,5.83,7.99
2024-06-06,US,Current,Atlantic Music Group,456332567,352354,51057,3049.8,298247.2,6.28,5.67,3.48,6.05
2024-06-06,US,Overall,Interscope/Geffen/A&M,2675978107,1866986,189706,23039.8,1654240.2,10.3,9.64,9.58,10.12
2024-05-30,US,Overall,Atlantic Music Group,2103031409,1538730,216130,13510.5,1309089.5,8.46,11.65,5.66,7.99
2024-05-30,US,Overall,Interscope/Geffen/A&M,2625148680,1904661,262843,20011.7,1621806.3,10.47,14.17,8.39,9.98
2024-05-30,US,Catalog,Atlantic Music Group,1641056591,1068784,51582,11055,1006147,8.56,5.37,7.28,8.75
2024-05-30,US,Current,Atlantic Music Group,461974818,469946,164548,2455.5,302942.5,8.24,18.42,2.83,6.12
2024-05-30,US,Current,Interscope/Geffen/A&M,867811190,713405,172768,7943.7,532693.3,12.51,19.34,9.15,11.5
2024-05-30,US,Catalog,Interscope/Geffen/A&M,1757337490,1191256,90075,12068,1089113,9.54,9.37,7.95,9.37
2024-05-23,US,Overall,Interscope/Geffen/A&M,2752211704,2073797,321549,17279.8,1734968.2,11.02,16.27,7.24,10.18
2024-05-23,US,Catalog,Interscope/Geffen/A&M,1815233389,1217291,83370,12120,1121801,9.61,9.53,7.93,9.47
2024-05-23,US,Catalog,Atlantic Music Group,1682341679,1087092,47920,11109.7,1028062.3,8.59,5.48,7.27,8.77
2024-05-23,US,Current,Atlantic Music Group,475725382,338242,25370,2715.4,310156.6,5.49,2.31,3.17,6.06
2024-05-23,US,Overall,Atlantic Music Group,2158067061,1425334,73290,13825.1,1338218.9,7.57,3.71,5.8,7.99
2024-05-23,US,Current,Interscope/Geffen/A&M,936978315,856506,238179,5159.8,613167.2,13.9,21.64,6.02,11.94
2024-05-16,US,Catalog,Atlantic Music Group,1677919977,1080985,45402,10778.9,1024804.1,8.54,5.2,7.17,8.75
2024-05-16,US,Overall,Atlantic Music Group,2167259741,1432237,71404,13809.4,1347023.6,7.76,4.54,5.72,8
2024-05-16,US,Current,Atlantic Music Group,489339764,351252,26002,3030.5,322219.5,6.06,3.72,3.33,6.19
2024-05-16,US,Current,Interscope/Geffen/A&M,781758774,559272,66258,5439.5,487574.5,9.65,9.48,5.97,9.89
2024-05-16,US,Overall,Interscope/Geffen/A&M,2599976097,1779523,148816,17437.8,1613269.2,9.64,9.47,7.22,9.6
2024-05-16,US,Catalog,Interscope/Geffen/A&M,1818217323,1220251,82558,11998.3,1125694.7,9.64,9.46,7.98,9.48
2024-05-09,US,Overall,Interscope/Geffen/A&M,2675996319,1867871,184952,18705.9,1664213.1,10.14,10.47,7.88,9.96
2024-05-09,US,Catalog,Interscope/Geffen/A&M,1814101151,1219244,82625,12456.3,1124162.7,9.68,9.23,8.16,9.52
2024-05-09,US,Overall,Atlantic Music Group,2015347560,1322209,74269,12915.8,1235024.2,7.18,4.2,5.44,7.5
2024-05-09,US,Catalog,Atlantic Music Group,1661891619,1068244,44137,10749.2,1013357.8,8.48,4.93,7.04,8.72
2024-05-09,US,Current,Interscope/Geffen/A&M,861895168,648627,102327,6249.6,540050.4,11.12,11.75,7.37,11.04
2024-05-09,US,Current,Atlantic Music Group,353455941,253965,30132,2166.6,221666.4,4.36,3.46,2.56,4.53
2024-05-02,US,Catalog,Atlantic Music Group,1680740742,1081508,47523,10748.1,1023236.9,8.55,5.14,7.05,8.78
2024-05-02,US,Current,Interscope/Geffen/A&M,767368687,541970,61222,4233.5,476514.5,9.06,7.25,4.99,9.66
2024-05-02,US,Overall,Atlantic Music Group,2035919972,1330137,72482,13155,1244500,7.14,4.09,5.54,7.51
2024-05-02,US,Current,Atlantic Music Group,355179230,248629,24959,2406.9,221263.1,4.16,2.96,2.84,4.47
2024-05-02,US,Catalog,Interscope/Geffen/A&M,1783203770,1192853,84521,11800.6,1096531.4,9.43,9.13,7.74,9.31
2024-05-02,US,Overall,Interscope/Geffen/A&M,2550572457,1734823,145743,16034.1,1573045.9,9.31,8.23,6.76,9.41
2024-04-25,US,Catalog,Atlantic Music Group,1660669420,1076284,55762,10661.3,1009860.7,8.5,5.02,6.93,8.8
2024-04-25,US,Catalog,Interscope/Geffen/A&M,1744131122,1181326,99082,11895.2,1070348.8,9.33,8.92,7.73,9.24
2024-04-25,US,Current,Interscope/Geffen/A&M,724458512,560164,120404,3400.4,436359.6,6.48,3.57,3.66,8.87
2024-04-25,US,Current,Atlantic Music Group,352429322,296796,81952,2443.2,212400.8,3.43,2.43,2.63,4.31
2024-04-25,US,Overall,Atlantic Music Group,2013098742,1373080,137714,13104.5,1222261.5,6.45,3.07,5.31,7.44
2024-04-25,US,Overall,Interscope/Geffen/A&M,2468589634,1741490,219486,15295.6,1506708.4,8.18,4.9,6.2,9.13
2024-04-18,US,Current,Atlantic Music Group,347595197,241822,23252,2232.9,216337.1,4.31,3.53,2.8,4.52
2024-04-18,US,Catalog,Interscope/Geffen/A&M,1817046412,1213781,80788,11921,1121072,9.57,9.29,7.88,9.44
2024-04-18,US,Current,Interscope/Geffen/A&M,780714029,559675,59307,3660.9,496707.1,9.98,9,4.6,10.16
2024-04-18,US,Overall,Interscope/Geffen/A&M,2597760441,1773456,140095,15581.9,1617779.1,9.7,9.16,6.75,9.64
2024-04-18,US,Overall,Atlantic Music Group,2019825492,1314974,67044,13125.5,1234804.5,7.19,4.39,5.68,7.5
2024-04-18,US,Catalog,Atlantic Music Group,1672230295,1073152,43792,10892.6,1018467.4,8.46,5.04,7.2,8.69
2024-04-11,US,Catalog,Interscope/Geffen/A&M,1771209122,1185725,81698,12110,1091917,9.53,9.11,7.81,9.42
2024-04-11,US,Overall,Interscope/Geffen/A&M,2651843731,1833690,152677,17711.2,1663301.8,10.11,9.09,7.47,10.05
2024-04-11,US,Overall,Atlantic Music Group,1988094140,1297615,64754,14186.1,1218674.9,7.16,3.85,5.98,7.53
2024-04-11,US,Current,Interscope/Geffen/A&M,880634609,647965,70979,5601.2,571384.8,11.38,9.06,6.83,11.6
2024-04-11,US,Current,Atlantic Music Group,352660960,242410,18329,2812.5,221268.5,4.26,2.34,3.43,4.65
2024-04-11,US,Catalog,Atlantic Music Group,1635433180,1055205,46425,11373.6,997406.4,8.48,5.18,7.34,8.7
2024-04-04,US,Catalog,Atlantic Music Group,1618592970,1045536,49360,10661.5,985514.5,8.48,5.16,7.08,8.73
2024-04-04,US,Current,Atlantic Music Group,347325200,242017,22593,2696.7,216727.3,4.32,2.71,3.21,4.71
2024-04-04,US,Catalog,Interscope/Geffen/A&M,1735168242,1171128,90892,11841.5,1068394.5,9.5,9.5,7.86,9.36
2024-04-04,US,Current,Interscope/Geffen/A&M,729643552,563296,94004,5652.7,463639.3,10.06,11.27,6.72,9.89
2024-04-04,US,Overall,Interscope/Geffen/A&M,2464811794,1734424,184896,17494.2,1532033.8,9.67,10.32,7.45,9.51
2024-04-04,US,Overall,Atlantic Music Group,1965918170,1287553,71953,13358.2,1202241.8,7.18,4.02,5.69,7.59
2024-03-28,US,Current,Interscope/Geffen/A&M,734479939,532813,59857,4811.9,468144.1,9.8,8.52,6.12,9.99
2024-03-28,US,Overall,Interscope/Geffen/A&M,2476006683,1705203,147296,16381.4,1541525.6,9.58,8.95,7.12,9.55
2024-03-28,US,Overall,Atlantic Music Group,1981674171,1298613,72041,13416.5,1213155.5,7.3,4.38,5.83,7.64
2024-03-28,US,Catalog,Interscope/Geffen/A&M,1741526744,1172390,87439,11569.5,1073381.5,9.49,9.27,7.64,9.37
2024-03-28,US,Current,Atlantic Music Group,354910991,245902,22714,2500.8,220687.2,4.52,3.23,3.18,4.83
2024-03-28,US,Catalog,Atlantic Music Group,1626763180,1052711,49327,10915.7,992468.3,8.52,5.23,7.21,8.75
2024-03-21,US,Catalog,Atlantic Music Group,1674783622,1085742,49322,10963.4,1025456.6,8.59,5.27,7.22,8.81
2024-03-21,US,Overall,Interscope/Geffen/A&M,2480632057,1710331,159144,17186.8,1534000.2,9.56,9.64,7.38,9.5
2024-03-21,US,Catalog,Interscope/Geffen/A&M,1773971028,1193017,86952,11429.7,1094635.3,9.44,9.29,7.52,9.33
2024-03-21,US,Current,Interscope/Geffen/A&M,706661029,517314,72192,5757.1,439364.9,9.84,10.09,7.12,9.94
2024-03-21,US,Overall,Atlantic Music Group,2057105846,1353267,73144,17006.8,1263116.2,7.56,4.43,7.31,7.87
2024-03-21,US,Current,Atlantic Music Group,382322224,267525,23822,6043.4,237659.6,5.09,3.33,7.47,5.38
2024-03-14,US,Overall,Interscope/Geffen/A&M,2484824377,1714334,152862,16565.9,1544906.1,9.59,9.34,7.36,9.52
2024-03-14,US,Catalog,Atlantic Music Group,1689349080,1095040,50443,10872.8,1033724.2,8.68,5.35,7.28,8.9
2024-03-14,US,Current,Interscope/Geffen/A&M,705240405,516513,64556,4800,447157,9.82,9.29,6.34,9.9
2024-03-14,US,Overall,Atlantic Music Group,2055816431,1347740,71315,13368.4,1263056.6,7.54,4.36,5.94,7.87
2024-03-14,US,Catalog,Interscope/Geffen/A&M,1779583972,1197821,88306,11765.9,1097749.1,9.5,9.37,7.88,9.37
2024-03-14,US,Current,Atlantic Music Group,366467351,252700,20872,2495.6,229332.4,4.8,3,3.3,5.14
2024-03-07,US,Overall,Atlantic Music Group,2148570603,1423428,72854,14840.1,1335733.9,7.67,4.68,6.24,7.93
2024-03-07,US,Catalog,Interscope/Geffen/A&M,1871958547,1266616,86575,12380.8,1167660.2,9.59,9.16,7.9,9.49
2024-03-07,US,Overall,Interscope/Geffen/A&M,2669144127,1863691,164221,16909.3,1682560.7,10.04,10.54,7.12,9.85
2024-03-07,US,Current,Interscope/Geffen/A&M,797185580,597075,77646,4528.5,514900.5,11.13,12.66,5.6,10.82
2024-03-07,US,Catalog,Atlantic Music Group,1752219741,1147354,51091,11268.8,1084994.2,8.69,5.41,7.19,8.88
2024-03-07,US,Current,Atlantic Music Group,396350862,276074,21763,3571.3,250739.7,5.15,3.55,4.42,5.38
2024-02-29,US,Overall,Atlantic Music Group,2044872228,1345858,68788,14076.1,1262993.9,7.43,4.12,5.78,7.78
2024-02-29,US,Catalog,Atlantic Music Group,1671940635,1088737,49152,11453.6,1028131.4,8.55,5.29,7.2,8.77
2024-02-29,US,Overall,Interscope/Geffen/A&M,2605862115,1850895,196970,16965,1636960,10.22,11.79,6.97,9.92
2024-02-29,US,Current,Atlantic Music Group,372931593,257121,19636,2622.5,234862.5,4.78,2.65,3.11,5.17
2024-02-29,US,Catalog,Interscope/Geffen/A&M,1834378248,1240876,84817,12417.5,1143641.5,9.75,9.13,7.81,9.62
2024-02-29,US,Current,Interscope/Geffen/A&M,771483867,610019,112153,4547.5,493318.5,11.33,15.11,5.39,10.7
2024-02-22,US,Catalog,Interscope/Geffen/A&M,1763186028,1200658,91751,12583.9,1096323.1,9.65,8.96,7.92,9.54
2024-02-22,US,Overall,Atlantic Music Group,2005092659,1327823,75922,13995,1237906,7.54,4.47,5.85,7.86
2024-02-22,US,Catalog,Atlantic Music Group,1635353540,1066841,50842,11224.3,1004774.7,8.57,4.96,7.06,8.85
2024-02-22,US,Overall,Interscope/Geffen/A&M,2540050457,1777986,163643,17039,1597304,10.09,9.64,7.13,9.95
2024-02-22,US,Current,Atlantic Music Group,369739119,260982,25080,2770.7,233131.3,5.04,3.72,3.45,5.25
2024-02-22,US,Current,Interscope/Geffen/A&M,776864429,577328,71892,4455.1,500980.9,11.16,10.68,5.55,11.04
2024-02-15,US,Overall,Interscope/Geffen/A&M,2506777560,1734992,156844,19046.6,1559101.4,9.77,9.46,7.73,9.72
2024-02-15,US,Current,Interscope/Geffen/A&M,715444676,520713,63727,4686,452300,9.88,9.31,5.76,10.03
2024-02-15,US,Catalog,Interscope/Geffen/A&M,1791332884,1214279,93117,14360.6,1106801.4,9.73,9.58,8.69,9.6
2024-02-15,US,Catalog,Atlantic Music Group,1652861101,1076065,52286,12139.4,1011639.6,8.62,5.38,7.35,8.86
2024-02-15,US,Current,Atlantic Music Group,371044503,260028,25838,2538.4,231651.6,4.93,3.77,3.12,5.2
2024-02-15,US,Overall,Atlantic Music Group,2023905604,1336093,78124,14677.8,1243291.2,7.53,4.71,5.95,7.85
2024-02-08,US,Overall,Atlantic Music Group,2093017642,1395298,86540,19793.2,1288964.8,7.88,5.49,7.41,8.08
2024-02-08,US,Overall,Interscope/Geffen/A&M,2540122812,1765891,162200,23914.4,1579776.6,9.97,10.29,8.95,9.81
2024-02-08,US,Catalog,Atlantic Music Group,1692229228,1115757,62680,16342.3,1036734.7,8.87,6.48,9.15,8.99
2024-02-08,US,Current,Atlantic Music Group,400788414,279541,23860,3450.9,252230.1,5.45,3.91,3.9,5.67
2024-02-08,US,Catalog,Interscope/Geffen/A&M,1807200490,1221849,88727,17868,1115254,9.71,9.17,10,9.6
2024-02-08,US,Current,Interscope/Geffen/A&M,732922322,544042,73473,6046.4,464522.6,10.6,12.05,6.83,10.37
2024-02-01,US,Catalog,Atlantic Music Group,1636115795,1057322,46466,10595.1,1000260.9,8.66,5.17,6.97,8.88
2024-02-01,US,Current,Interscope/Geffen/A&M,746815624,519250,41147,4124.3,473978.7,10.06,6.48,4.22,10.51
2024-02-01,US,Catalog,Interscope/Geffen/A&M,1758934674,1169903,73947,11708.1,1084247.9,9.58,8.23,7.71,9.55
2024-02-01,US,Overall,Interscope/Geffen/A&M,2505750298,1689153,115094,15832.4,1558226.6,9.72,7.51,6.34,9.82
2024-02-01,US,Current,Atlantic Music Group,421197578,300515,35700,9096.1,255718.9,5.82,5.63,9.32,5.93
2024-02-01,US,Overall,Atlantic Music Group,2057313373,1357837,82166,19691.2,1255979.8,7.81,5.36,7.89,8.06
2024-01-25,US,Current,Atlantic Music Group,403672864,255013,22031,2612.2,230369.8,5.12,3.83,3.44,5.45
2024-01-25,US,Current,Interscope/Geffen/A&M,806310854,537764,50831,4357.1,482575.9,10.81,8.83,5.74,10.89
2024-01-25,US,Catalog,Atlantic Music Group,1673092334,1014021,46499,10810.4,956711.6,8.59,5.27,7.11,8.78
2024-01-25,US,Overall,Interscope/Geffen/A&M,2646897780,1686024,129734,16464.4,1539825.6,10.04,8.9,7.22,10
2024-01-25,US,Catalog,Interscope/Geffen/A&M,1840586926,1148260,78903,12107.3,1057249.7,9.72,8.94,7.96,9.65
2024-01-25,US,Overall,Atlantic Music Group,2076765198,1269034,68530,13422.6,1187081.4,7.56,4.7,5.89,7.85
2024-01-18,US,Current,Atlantic Music Group,408009489,253390,24553,2521.6,226315.4,5.31,4.31,3.4,5.68
2024-01-18,US,Current,Interscope/Geffen/A&M,786425060,528719,54507,4323.3,469888.7,11.07,9.56,5.83,10.94
2024-01-18,US,Catalog,Interscope/Geffen/A&M,1771631395,1076910,69236,11319.1,996354.9,9.53,8.12,7.73,9.57
2024-01-18,US,Overall,Atlantic Music Group,2064678962,1233849,70270,13071.1,1150507.9,7.68,4.94,5.93,8.03
2024-01-18,US,Overall,Interscope/Geffen/A&M,2558056455,1605629,123743,15642.4,1466243.6,9.99,8.7,7.1,9.95
2024-01-18,US,Catalog,Atlantic Music Group,1656669473,980459,45717,10549.5,924192.5,8.68,5.36,7.21,8.95
2024-01-11,US,Current,Atlantic Music Group,416076394,272759,35620,2758.2,234380.8,5.8,6.14,4.06,5.94
2024-01-11,US,Overall,Interscope/Geffen/A&M,2509860158,1613103,159430,15407.9,1438265.1,9.9,10.27,7.14,9.82
2024-01-11,US,Catalog,Atlantic Music Group,1669823740,1013756,52795,10785.2,950175.8,8.75,5.43,7.29,8.99
2024-01-11,US,Overall,Atlantic Music Group,2085900134,1286515,88415,13543.4,1184556.6,7.9,5.69,6.27,8.16
2024-01-11,US,Catalog,Interscope/Geffen/A&M,1784280612,1110973,91101,11362.3,1008509.7,9.59,9.37,7.68,9.61
2024-01-11,US,Current,Interscope/Geffen/A&M,725579546,502130,68329,4045.6,429755.4,10.68,11.78,5.96,10.36
2024-01-04,US,Overall,Atlantic Music Group,2042690901,1276748,102012,14793.7,1159942.3,7.86,5.46,6.38,8.13
2024-01-04,US,Overall,Interscope/Geffen/A&M,2452510811,1618462,207545,16700.5,1394216.5,9.96,11.1,7.21,9.77
2024-01-04,US,Current,Atlantic Music Group,422761034,278972,35391,3262.5,240318.5,5.86,4.92,4.28,6.13
2024-01-04,US,Current,Interscope/Geffen/A&M,713653465,520302,94241,4565,421496,10.94,13.11,5.99,10.35
2024-01-04,US,Catalog,Interscope/Geffen/A&M,1738857346,1098160,113304,12135.5,972720.5,9.56,9.85,7.8,9.55
2024-01-04,US,Catalog,Atlantic Music Group,1619929867,997776,66621,11531.2,919623.8,8.68,5.79,7.41,8.89
